feature,missing_count,missing_pct,mean,std,coeff_variation,min,max,n_unique,outlier_frac_iqr,pass_mean,fail_mean,cohens_d,abs_cohens_d,near_constant,highly_variable_raw_scale
feature_171,0,0.0,2395.6827695315474,179.78755177573902,0.07504647696359845,1650.0682791597649,3230.731507243496,154037,0.007277472295617287,2393.837834455138,2437.4316777385925,0.24083635301792478,0.24083635301792478,False,False
feature_272,0,0.0,22.267723835110928,1.0469800424738094,0.04701782949288107,17.847131443376195,27.17642276399181,154037,0.0075046904315197,22.2784503389368,22.024994522120455,-0.23922130258462887,0.23922130258462887,False,False
feature_109,0,0.0,37.034770978393645,1.2523428709968607,0.033815326459760923,30.437461246467628,42.26608545279615,154037,0.006881463544473081,37.047310037818725,36.751025470145464,-0.23409228970435617,0.23409228970435617,False,False
feature_262,0,0.0,1632.302356853655,143.52773785261726,0.08792962728380434,1059.108979327346,2256.169165817702,154037,0.006946383011873771,1633.7309669992612,1599.9744367033973,-0.23349725267106816,0.23349725267106816,False,False
feature_460,0,0.0,-29.46156522470013,1.5461502010279515,0.05248024635607896,-36.185980601131405,-22.169872959725197,154037,0.007050254159714874,-29.47690482956549,-29.114446367432418,0.2327152268680152,0.2327152268680152,False,False
feature_397,0,0.0,-2265.948668927211,310.7287393133531,0.13712964621588902,-3752.750761344405,-921.9249599065704,154037,0.00701130247927446,-2262.8737204250556,-2335.531465850202,-0.23266082992592116,0.23266082992592116,False,False
feature_163,0,0.0,-76.54100691532338,7.803525607534326,0.10195222041130574,-111.6437648067936,-43.043061790729325,154037,0.0070307783194946665,-76.46515494248112,-78.25745596114986,-0.22869382789510284,0.22869382789510284,False,False
feature_245,0,0.0,4059.1056151915227,444.4148794600122,0.10948591182174577,2169.13791184074,6146.483061396412,154037,0.00738134344345839,4063.456292666749,3960.6544355949213,-0.228244111362172,0.228244111362172,False,False
feature_277,0,0.0,24.252027800747207,2.337477127372499,0.09638274978806025,13.752943050533082,33.82648859959781,154037,0.006855495757512806,24.274703445393335,23.73890220680537,-0.2281782257938449,0.2281782257938449,False,False
feature_85,0,0.0,-2.0921754317745878,0.2727927321406407,0.1303871214610609,-3.338480174669641,-0.8004562464880991,154037,0.0070307783194946665,-2.094829524593836,-2.032116148984305,0.22806147419838646,0.22806147419838646,False,False
feature_60,0,0.0,7.695983761184111,0.425135635601407,0.05524123345291405,5.988893963248064,9.728528108941711,154037,0.00682952797055253,7.691862334048397,7.7892472507080335,0.2270167880856131,0.2270167880856131,False,False
feature_436,0,0.0,351.70471928855426,9.521848966766955,0.027073418252755388,307.8730670114412,394.0708455097503,154037,0.007160617254296045,351.7966770161223,349.62381423327224,-0.22681963917979223,0.22681963917979223,False,False
feature_290,0,0.0,15.709774406427199,1.427324412694844,0.0908558185349177,9.348328206141211,22.19410260133858,154037,0.006745132662931633,15.723494226066228,15.399309556985493,-0.22612599442429152,0.22612599442429152,False,False
feature_282,0,0.0,5.226188725441974,0.20407570281937748,0.03904866692354647,4.307541102656965,6.08881652414176,154037,0.007063238053195011,5.228126155032668,5.182346765270155,-0.22478674880879262,0.22478674880879262,False,False
feature_336,0,0.0,0.1828649527873604,0.012873182888726324,0.07039721221865602,0.1219801117412349,0.2411504642795778,154037,0.0069853346923141844,0.18274095263919524,0.1856709435615627,0.22426391271975582,0.22426391271975582,False,False
feature_349,0,0.0,98.13197156350812,11.161409354530216,0.11373876603821091,50.05492466593854,147.85305530996573,154037,0.007186585041256322,98.23837250466212,95.7242320272054,-0.22418064019986114,0.22418064019986114,False,False
feature_204,0,0.0,0.24232359243254664,0.022185082849977347,0.09155147720976776,0.140943996788368,0.3407171074454987,154037,0.0068035601835922535,0.24253372629557887,0.2375684877835543,-0.22392293267783142,0.22392293267783142,False,False
feature_365,0,0.0,6.62923074672212,0.8481717695007616,0.1279442218722206,2.2683228422016866,10.079113466341203,154037,0.006427027272668255,6.621234162996304,6.81018488663086,0.22094241863992,0.22094241863992,False,False
feature_209,0,0.0,3065.892916491346,457.39169166366804,0.14918710604775914,1031.896123254742,5027.874347162746,154037,0.006654245408570668,3070.1921995088987,2968.6047385218253,-0.22076723457696598,0.22076723457696598,False,False
feature_472,0,0.0,4.605987097737618,0.5583226154544225,0.12121671285806707,2.3145082765082425,6.918069891639548,154037,0.007225536721696735,4.600716226404004,4.725261280494467,0.220668175310728,0.220668175310728,False,False
feature_235,0,0.0,52.75489459186847,5.777215137187655,0.10951050479547622,26.73043288970929,78.39415689350623,154037,0.006946383011873771,52.80876723553745,51.535814265321406,-0.21952165253004555,0.21952165253004555,False,False
feature_457,0,0.0,3.1548414277321024,0.2804572075659397,0.0888974022911668,1.8705497336506496,4.569447109135317,154037,0.007024286372754598,3.1522281662201763,3.2139767416938008,0.2194979992659206,0.2194979992659206,False,False
feature_242,0,0.0,591.279119635064,72.13082824239682,0.12199116432001823,269.4785025927237,884.1202233383002,154037,0.00706972999993508,590.6016552804236,606.6094136476188,0.21944387234790033,0.21944387234790033,False,False
feature_246,0,0.0,133.22017706746612,5.996912301983402,0.04501504527310762,107.36561132749183,158.94436702377666,154037,0.007024286372754598,133.16436183379702,134.4832161287332,0.21941202183768385,0.21941202183768385,False,False
feature_244,0,0.0,221.51847044231397,10.32990795431707,0.04663226472127118,178.36993362998678,268.4076849453563,154037,0.0068490038107727365,221.6149933855211,219.33425943816732,-0.21813071123530212,0.21813071123530212,False,False
feature_8,0,0.0,3.4948180754903966,0.40022893972939527,0.11452067921253233,1.746485607710537,5.13859619102538,154037,0.006946383011873771,3.4911142562675788,3.578631544444481,0.2181138309606903,0.2181138309606903,False,False
feature_285,0,0.0,336.8573974358656,47.92692866459674,0.14227661030873326,108.11427051831504,554.7871875023218,154037,0.006498438686809014,336.41318897316836,346.90936000683917,0.21809211036578507,0.21809211036578507,False,False
feature_396,0,0.0,0.48115990441288614,0.011318424456827758,0.023523207883746174,0.4270492050347433,0.532696074500146,154037,0.006913923278173426,0.4812654019949678,0.47877260692653256,-0.21746885323366288,0.21746885323366288,False,False
feature_229,0,0.0,4613.516788329953,630.0251013662852,0.13656070418123437,1926.182353684216,7498.959689612401,154037,0.007420295123898804,4607.653847899389,4746.188861720954,0.2171050549495462,0.2171050549495462,False,True
feature_225,0,0.0,0.18605313388602907,0.02602788681681611,0.1398949121317143,0.0637815453671756,0.3053723912155007,154037,0.007485214591299493,0.18581405754784178,0.19146317580299663,0.216656905821503,0.216656905821503,False,False
feature_387,0,0.0,0.2065771028069334,0.00551637002028927,0.0267036856715183,0.1834572027295192,0.2318603425673987,154037,0.007160617254296045,0.2065260418840829,0.20773255689760076,0.2157759862520156,0.2157759862520156,False,False
feature_238,0,0.0,362.19826137577917,14.550076821301538,0.040171581072847545,300.5255971502749,427.94095792705394,154037,0.006693197089011082,362.33160946855435,359.18073660970987,-0.21566590928457408,0.21566590928457408,False,False
feature_178,0,0.0,14.259394983900952,1.2311970824624219,0.08634286965558215,8.204920315931124,20.52824011540016,154037,0.006777592396631978,14.248099265182494,14.515005021316128,0.2152539970797603,0.2152539970797603,False,False
feature_33,0,0.0,783.8823932894455,20.23086678417937,0.025808548523820717,691.7848019236741,874.0533813932091,154037,0.0072190447749566665,784.0683719441018,779.673895179677,-0.21498260134104724,0.21498260134104724,False,False
feature_263,0,0.0,2.30601606750115,0.33238069649927243,0.1441363315648739,0.7999559360900134,3.752145458362633,154037,0.006874971597733012,2.309051716804402,2.2373225694313406,-0.21436215966731736,0.21436215966731736,False,False
feature_276,0,0.0,1.2985438461037044,0.05002269455851769,0.03852214517716237,1.0968632474137492,1.521486949968612,154037,0.006784084343372047,1.298088005116769,1.3088590402608977,0.21381924884627873,0.21381924884627873,False,False
feature_446,0,0.0,29.851901590977832,3.6461651443323726,0.12214180504448523,14.398570901909682,46.81137688977861,154037,0.006881463544473081,29.81835984564499,30.610915425616433,0.21362888621882983,0.21362888621882983,False,False
feature_255,0,0.0,1.65522983867113,0.14574830715080336,0.08805321396804607,0.9826476049343448,2.392401576824686,154037,0.0063945675389679105,1.6539067287759743,1.685170400952701,0.21159590313188872,0.21159590313188872,False,False
feature_183,0,0.0,-205.01255352884252,26.43084248594131,0.12892304413067487,-327.2816198205244,-95.15515661371973,154037,0.006647753461830599,-205.2504063040657,-199.63019953353987,0.2114225705332307,0.2114225705332307,False,False
feature_205,0,0.0,7.869325041992058,0.8661130278025833,0.11006192058160728,3.98792981192872,12.142966767035832,154037,0.00682952797055253,7.861531346158154,8.04568804583094,0.21136182183275193,0.21136182183275193,False,False
feature_58,0,0.0,-151.6609382316695,14.07037344286805,0.09277519713991791,-217.13169561107904,-90.64472934248352,154037,0.006978842745574115,-151.7878880016656,-148.78820066911612,0.21129746452845302,0.21129746452845302,False,False
feature_29,0,0.0,-2933.0319712103797,131.01606766052814,0.04466915769979197,-3547.7636504671145,-2358.0188822269856,154037,0.007329407869537838,-2934.2109129726146,-2906.3537796347923,0.21066900939559285,0.21066900939559285,False,False
feature_223,0,0.0,0.8876302137038019,0.0766392991858327,0.08634147193575238,0.562311200760089,1.222426226947043,154037,0.007082713893415219,0.8883233795380925,0.8719446119945078,-0.21066439561615433,0.21066439561615433,False,False
feature_362,0,0.0,3435.9583930556037,307.58645336148305,0.08951984226093783,2025.3193964294744,4835.888479872122,154037,0.007121665573855632,3433.1761165634575,3498.918335311852,0.2103877380168251,0.2103877380168251,False,False
feature_123,0,0.0,129.56886007557193,9.400035971488435,0.07254857352303477,84.43007224076179,170.81656414391875,154037,0.006686705142271013,129.6531719106271,127.66097339300327,-0.20999947510589573,0.20999947510589573,False,False
feature_243,0,0.0,1018.9320830127124,138.4098151277485,0.13583811662746678,348.00107894461735,1597.1898218598683,154037,0.006926907171653564,1017.6991311964086,1046.8324643652995,0.20984055016802033,0.20984055016802033,False,False
feature_113,0,0.0,-11.324745555486556,0.3735536057900475,0.03298560695777135,-12.968020367032556,-9.710350716277448,154037,0.007348883709758045,-11.328098408849453,-11.248874068695958,0.2096844672570498,0.2096844672570498,False,False
feature_309,0,0.0,3.4358202854850908,0.39142891007933506,0.11392589761838218,1.6617447811879067,5.208238486732922,154037,0.006933399118393632,3.439288203067634,3.3573450184285334,-0.20947616186268792,0.20947616186268792,False,False
feature_379,0,0.0,-411.64579858728405,27.81744027490853,0.06757615496228661,-537.6077440209692,-292.9012807379086,154037,0.006550374260729565,-411.89256399347823,-406.0617612823364,0.20899034091374502,0.20899034091374502,False,False
feature_286,0,0.0,29.02776852714999,1.0091185745414208,0.034763904555652675,24.595395696460848,33.444190640967804,154037,0.007329407869537838,29.036768535298055,28.824107965409453,-0.20874667231659014,0.20874667231659014,False,False
feature_320,0,0.0,5.305027335615425,0.2832253658336548,0.05338810677415641,3.9852073617493575,6.643962567762909,154037,0.006881463544473081,5.307520392211347,5.248612130381918,-0.20829107035314307,0.20829107035314307,False,False
feature_221,0,0.0,0.31372981173652786,0.010675143148150743,0.03402655007205943,0.2628713492936502,0.3583295310474891,154037,0.006965858852093977,0.31382367752235285,0.311605729362953,-0.20663792809067033,0.20663792809067033,False,False
feature_419,0,0.0,1421.9037931271819,201.81025264027716,0.1419296112829388,608.1595152406514,2283.5008239889758,154037,0.006589325941169979,1423.689405193603,1381.4973012090477,-0.20654985153775585,0.20654985153775585,False,False
feature_325,0,0.0,0.37943993505355433,0.016330517704383724,0.04303847907331849,0.307538905257215,0.455897875589815,154037,0.00658283399442991,0.3795836236530291,0.37618841567676037,-0.20630781662727743,0.20630781662727743,False,False
feature_480,0,0.0,-1.6038395895743296,0.23439778575983547,0.14614789863246005,-2.6352346484151767,-0.5518549151386015,154037,0.006965858852093977,-1.605912145059836,-1.5569398748771492,0.20617601632997154,0.20617601632997154,False,False
feature_478,0,0.0,1886.5947260843038,140.98942046582744,0.07473222442344897,1309.8969636308868,2539.6445834212936,154037,0.007043762212974805,1887.8379380717474,1858.462168028822,-0.20558477032940534,0.20558477032940534,False,False
feature_444,0,0.0,288.4634686612153,16.469243412775842,0.05709299513456963,208.7649277309855,366.414111770761,154037,0.006706180982491219,288.60727815253176,285.20921363129816,-0.2051765896741395,0.2051765896741395,False,False
feature_77,0,0.0,-46.98458344068946,2.9075012468029544,0.06188202669654847,-58.86703932027738,-34.39526693044386,154037,0.007115173627115563,-47.00978749013332,-46.414242749500765,0.20508352576913508,0.20508352576913508,False,False
feature_46,0,0.0,2955.0081984372723,62.28908380298293,0.02107915769435899,2669.7118219679155,3217.8920748059213,154037,0.007102189733635425,2954.4664778231186,2967.2667567374315,0.2050022559883572,0.2050022559883572,False,False
feature_433,0,0.0,506.0105178083957,24.29922970159226,0.04802119490882466,399.1169906739081,628.7434110295336,154037,0.006926907171653564,506.2231636880417,501.1985689092338,-0.20492761852215366,0.20492761852215366,False,False
feature_132,0,0.0,87.12688554039464,5.895640533825819,0.06766729347960479,59.95185145981108,114.1942103460476,154037,0.007147633360815908,87.17837216080085,85.96179836918999,-0.20448634875432323,0.20448634875432323,False,False
feature_97,0,0.0,0.7073110456007623,0.07589376940910783,0.1072990021591514,0.3614408875249563,1.0304354618259028,154037,0.007141141414075839,0.7079654588670075,0.6925023730727755,-0.2038626868415716,0.2038626868415716,False,False
feature_348,0,0.0,25.24427809339077,1.2889349302159931,0.05105849830395628,19.848038641402283,30.945892507107416,154037,0.007043762212974805,25.255406274275867,24.99245925801599,-0.20313177031233315,0.20313177031233315,False,False
feature_284,0,0.0,0.1520582339568273,0.022541343750196993,0.148241520131011,0.0474503662261433,0.2557208347488712,154037,0.007037270266234736,0.1518631473236449,0.15647283588255279,0.2029702329501401,0.2029702329501401,False,False
feature_333,0,0.0,24.284412323342938,1.7533287731385858,0.07219976130339507,15.73108810756338,32.7528844352994,154037,0.007206060881476528,24.29947842251066,23.943482607585334,-0.20246382094499493,0.20246382094499493,False,False
feature_13,0,0.0,-138.7263836675589,20.15585624504563,0.14529216225622024,-230.41416907012368,-48.86147769168232,154037,0.007232028668436804,-138.90008642007726,-134.79567609799258,0.20172743766235335,0.20172743766235335,False,False
feature_295,0,0.0,0.3319431122591484,0.019680387466282288,0.05928843449210594,0.2347814414075718,0.4178185464352555,154037,0.00738134344345839,0.3317734164809409,0.33578314628424805,0.2016407722354793,0.2016407722354793,False,False
feature_447,0,0.0,1295.7579349417283,160.89706089951406,0.12417215944485015,563.2953681265976,2046.2633721194345,154037,0.006810052130332323,1297.1453349720948,1264.362555638217,-0.2011958709715629,0.2011958709715629,False,False
feature_115,0,0.0,150.43773283582715,21.547595729521298,0.14323265395814103,56.82480325330852,249.1423031912177,154037,0.007251504508657011,150.2544589138868,154.5850257360874,0.20000903211342547,0.20000903211342547,False,False
feature_342,0,0.0,1.9194845666401652,0.12421186906216657,0.06471105380106547,1.3344818902592688,2.456359213035871,154037,0.007186585041256322,1.9205486575848365,1.8954053262695596,-0.1997448038838665,0.1997448038838665,False,False
feature_312,0,0.0,5.200423460032781,0.2177442095993337,0.041870476754975856,4.181878021914516,6.134378372525379,154037,0.007115173627115563,5.202261834517903,5.158823010992093,-0.1997164027264193,0.1997164027264193,False,False
feature_227,0,0.0,3586.0182168587435,413.3702380322065,0.11527276579043924,1864.197785949164,5546.771497029555,154037,0.007245012561916942,3582.514968103219,3665.2929905843935,0.1996500015910683,0.1996500015910683,False,False
feature_294,0,0.0,825.8760607598338,68.62955694817161,0.08309909950051114,523.2113479184729,1145.0721490140063,154037,0.007043762212974805,825.2932437212471,839.064587205337,0.19948014971130087,0.19948014971130087,False,False
feature_233,0,0.0,2050.10221028374,44.73493502741329,0.021820831567818198,1848.6229618547795,2242.923023079708,154037,0.007017794426014529,2049.722640920469,2058.691459145677,0.1989092970588609,0.1989092970588609,False,False
feature_269,0,0.0,1366.8703978710475,65.27667668473477,0.047756302855344344,1092.3691428553582,1664.8440993768547,154037,0.0071671092010361145,1366.3198937531035,1379.3277174708103,0.19840662677793836,0.19840662677793836,False,False
feature_280,0,0.0,9.365857203101001,0.8703332042650297,0.09292616632857327,5.446258716475651,13.279387118339075,154037,0.006868479650992943,9.358530374538292,9.531655499759054,0.19834357655527685,0.19834357655527685,False,False
feature_146,0,0.0,4.039373666525746,0.5837554326080417,0.14451632376712703,1.4582123764282962,6.510800637421078,154037,0.007102189733635425,4.034430818530926,4.15122503184247,0.1971989339315152,0.1971989339315152,False,False
feature_216,0,0.0,92.03597728346759,3.4362557892792256,0.037336005882739505,77.07264753034742,105.65045485102712,154037,0.006920415224913495,92.0646190475844,91.38784478477386,-0.19688896344237009,0.19688896344237009,False,False
feature_43,0,0.0,0.22959569554183654,0.01027779405489713,0.044764750622357935,0.1833939358416839,0.2731257126303006,154037,0.007121665573855632,0.22968119374978246,0.2276609625091977,-0.196703454651085,0.196703454651085,False,False
feature_236,0,0.0,-210.06890221534115,31.268260159671428,0.14884763917896998,-359.6993463803395,-58.5461022331322,154037,0.007368359549978252,-210.33138529723254,-204.12919071442766,0.19664192997845897,0.19664192997845897,False,False
feature_191,0,0.0,3596.395472389669,482.83700003694804,0.13425581356216118,1589.1773845539062,5900.826048508612,154037,0.007082713893415219,3592.3719131235684,3687.4443166628166,0.1966220946596949,0.1966220946596949,False,False
feature_358,0,0.0,-126.7448761976181,16.738907867015538,0.13206772825211935,-202.43809596710287,-55.254210488067,154037,0.007387835390198459,-126.88500248872494,-123.57396805043287,0.1963038694123729,0.1963038694123729,False,False
feature_169,0,0.0,3.2497168716398734,0.462166913726641,0.1422175937109937,1.1801369585752532,5.285119135616938,154037,0.006836019917292598,3.25358568217547,3.1621698256834323,-0.19584481472868723,0.19584481472868723,False,False
feature_486,0,0.0,4959.286407254096,701.9670006446693,0.14154596911722647,1909.3729358797727,8272.361123623252,154037,0.006790576290112116,4953.41597889045,5092.127924564766,0.1955382342410094,0.1955382342410094,False,True
feature_65,0,0.0,0.3546316873308478,0.01675504481465746,0.047246327424278124,0.2751258568566653,0.4294596427066098,154037,0.0065698501009497715,0.35449247853144933,0.35778183362163857,0.19531138690008398,0.19531138690008398,False,False
feature_475,0,0.0,404.3379047527837,22.00967980546416,0.05443387707843295,298.1070671394403,511.6675916176506,154037,0.006978842745574115,404.52060967574266,400.20348769110876,-0.19501358908079194,0.19501358908079194,False,False
feature_3,0,0.0,0.11766840292548406,0.015951882172285953,0.13556640334778583,0.0485335729886482,0.1838981150990313,154037,0.006608801781390185,0.11753596616245743,0.12066530527372167,0.1949068297854466,0.1949068297854466,False,False
feature_156,0,0.0,190.99018174923702,20.185981702657816,0.10569120107525347,102.23950037954056,290.0452814631743,154037,0.006738640716191564,190.8222284301892,194.79078578655813,0.19469073161157516,0.19469073161157516,False,False
feature_231,0,0.0,1.3476271317914812,0.18365098090212112,0.13627729552905551,0.4704619664036859,2.192469938757859,154037,0.0070307783194946665,1.3491532776074435,1.3130920837044933,-0.1938743876496475,0.1938743876496475,False,False
feature_254,0,0.0,15.977449374176265,1.2640387583367878,0.07911392668092598,10.139874860172055,21.93733433502169,154037,0.007478722644559424,15.98780519977208,15.743108113209308,-0.19318621141988537,0.19318621141988537,False,False
feature_497,0,0.0,-1.981875803122615,0.061199090329002004,0.030879377119685098,-2.240141289540889,-1.7017381919414396,154037,0.007141141414075839,-1.982378252207348,-1.9705059175448247,0.1931015284594058,0.1931015284594058,False,False
feature_399,0,0.0,2104.107451905576,269.5266806702809,0.12809549266421028,886.1201077748921,3412.31540890971,154037,0.006719164875971358,2101.881359254814,2154.4815484932587,0.19244693583293515,0.19244693583293515,False,False
feature_385,0,0.0,947.9699268006914,71.51505942385502,0.07544021957026797,615.7703023163173,1261.5689160320867,154037,0.006836019917292598,947.38272802167,961.2576073473471,0.19226676681487243,0.19226676681487243,False,False
feature_28,0,0.0,0.48987532736130207,0.05307123190718771,0.10833620095352468,0.2112485344884812,0.7160787358653302,154037,0.006777592396631978,0.4903095482042335,0.4800493739470424,-0.19207350330973305,0.19207350330973305,False,False
feature_381,0,0.0,-19.897786122253475,1.1135143430390435,0.05596172037419282,-24.532332911885067,-14.667411903862986,154037,0.007225536721696735,-19.90686862995981,-19.692258683716354,0.19199107983954375,0.19199107983954375,False,False
feature_293,0,0.0,-156.33033224121044,20.503196199103257,0.13115302644830165,-245.11448192275355,-62.249240701511525,154037,0.007121665573855632,-156.49733785085886,-152.55117385432408,0.19138437582479287,0.19138437582479287,False,False
feature_474,0,0.0,21.675101241006505,1.3842570492578459,0.06386392542605565,15.623238541258578,28.80817256683657,154037,0.0070307783194946665,21.686422732206573,21.418907999887946,-0.19131978421370474,0.19131978421370474,False,False
feature_174,0,0.0,-2.155749865207894,0.0447093210919387,0.02073956807954019,-2.359664162632635,-1.9619143581409448,154037,0.006881463544473081,-2.155384214470523,-2.164024150447273,-0.191314186259345,0.191314186259345,False,False
feature_426,0,0.0,-0.30064108523542965,0.024689545058232024,0.08212299073793536,-0.4267985880191142,-0.1858535876386777,154037,0.007102189733635425,-0.3004406783428788,-0.30517607894233545,-0.19101770215011907,0.19101770215011907,False,False
feature_193,0,0.0,0.22613782764326867,0.025905913349709465,0.11455807115373867,0.1172205166652689,0.3474618663413068,154037,0.006751624609671702,0.225927969986,0.23088668205114754,0.190402016604707,0.190402016604707,False,False
feature_99,0,0.0,-6.259128018300167,0.13131132116890842,0.020979171664964526,-6.825736287976361,-5.61745891550501,154037,0.0074462629108590795,-6.258066757536106,-6.2831432147095425,-0.1901210590326935,0.1901210590326935,False,False
feature_275,0,0.0,-223.1843534070775,22.764178651284027,0.10199719784909501,-316.8861247821178,-124.61134857287963,154037,0.0070307783194946665,-223.36869834824319,-219.01282448686155,0.18999064094556165,0.18999064094556165,False,False
feature_189,0,0.0,-0.10476437169069798,0.005611840252221097,0.05356630466690779,-0.1297594728289063,-0.0802254770369692,154037,0.006972350798834046,-0.10471885372235731,-0.10579439464723704,-0.18914655861916144,0.18914655861916144,False,False
feature_425,0,0.0,-65.10356305816806,6.878695071536076,0.10565773589673072,-96.41009118009238,-36.00746340650772,154037,0.006998318585794322,-65.04872671584722,-66.34445085483738,-0.186152295438235,0.186152295438235,False,False
feature_31,0,0.0,6.807832303533921,0.5974609313680714,0.08776081794170101,3.924819328686673,9.510974410371563,154037,0.007232028668436804,6.812565222171016,6.700731415129745,-0.1859975686204234,0.1859975686204234,False,False
feature_195,0,0.0,1812.6421753496666,98.06760619370817,0.05410202163854568,1360.0984800058663,2268.1670047799903,154037,0.007576101845660458,1811.8632239181202,1830.2690134044046,0.18594149101751095,0.18594149101751095,False,False
feature_100,0,0.0,32.412017291755625,4.612431912773642,0.14230622769496265,12.351373402551667,52.72069817743187,154037,0.00762154547284094,32.44886030915343,31.57829919994872,-0.18582707541544935,0.18582707541544935,False,False
feature_350,0,0.0,716.7108209425542,80.75694387424126,0.11267716562174536,362.3669779531064,1099.0152294554666,154037,0.006608801781390185,716.077398252388,731.0444991766291,0.1858155685252035,0.1858155685252035,False,False
feature_495,0,0.0,312.4456898365416,37.37100292127568,0.11960799632354223,152.74263103077774,488.6281975986117,154037,0.007154125307555977,312.1517303982423,319.09767762899924,0.18476430566499544,0.18476430566499544,False,False
feature_130,0,0.0,0.35781037635063245,0.03505445382033746,0.09796936069284425,0.1815434377126362,0.5161441295547139,154037,0.007037270266234736,0.3580857728454684,0.35157844812157835,-0.18452602328664286,0.18452602328664286,False,False
feature_467,0,0.0,-4.209711979254361,0.5198733122947699,0.12349379597861507,-6.402920956672001,-1.9224959577510563,154037,0.007186585041256322,-4.213789769444743,-4.117435947147461,0.18452502643138807,0.18452502643138807,False,False
feature_37,0,0.0,0.7229907325026435,0.048773757583208316,0.06746111034421867,0.4803539071784414,0.9283166733312496,154037,0.0072190447749566665,0.7233722606220432,0.714357159083775,-0.1842604403681714,0.1842604403681714,False,False
feature_159,0,0.0,1994.296020461423,180.4673925701206,0.09049177790986396,1057.297173501764,2769.674534662452,154037,0.0070762219466751495,1995.714845039253,1962.1895372473687,-0.1839193531445706,0.1839193531445706,False,False
feature_220,0,0.0,2.260778186940155,0.17488849738517248,0.07735765427827083,1.5151431017246286,3.0497765509602903,154037,0.00682952797055253,2.2594028353944275,2.291900921918312,0.18383796299033117,0.18383796299033117,False,False
feature_403,0,0.0,5.326655028151438,0.6503003686871963,0.12208419078208571,2.402025877847495,8.101391741762077,154037,0.006381583645487772,5.331720433372875,5.212030323832385,-0.18322141741666553,0.18322141741666553,False,False
feature_218,0,0.0,13.864147477625469,1.322692243487423,0.0954037920919435,8.00961068149301,19.81697087820624,154037,0.007082713893415219,13.853927373902195,14.095417497728223,0.18322101742613653,0.18322101742613653,False,False
feature_440,0,0.0,-5.7714944485246065,0.856294659943116,0.14836619312039961,-9.540341281147017,-2.0062445246824434,154037,0.0069853346923141844,-5.77822186458259,-5.619260215967238,0.18320532594956054,0.18320532594956054,False,False
feature_197,0,0.0,37.26657568597582,4.9757738675491625,0.1335184082776258,15.158421205983874,59.49393931588447,154037,0.006823036023812461,37.22811938519861,38.136800655764624,0.18201721166338292,0.18201721166338292,False,False
feature_69,0,0.0,-0.45003172882818365,0.027465987819637803,0.06103122526750545,-0.575565592528152,-0.3219037690196726,154037,0.006543882313989496,-0.45024396404742595,-0.44522907273488854,0.18102946097811373,0.18102946097811373,False,False
feature_153,0,0.0,798.4545182239401,63.581534740366685,0.07963075327295495,534.4715030903612,1081.0119659839015,154037,0.006810052130332323,797.9608819865384,809.6249784891702,0.18089690174554662,0.18089690174554662,False,False
feature_168,0,0.0,0.30697162242848053,0.042625996742795685,0.13885973043885144,0.1213192969439736,0.4943382949974747,154037,0.007128157520595701,0.30664488758074004,0.31436528269370045,0.18083623303151383,0.18083623303151383,False,False
feature_207,0,0.0,-0.8133173030329804,0.050188123406829606,0.06170792533205758,-1.0625430823200563,-0.6062045539054103,154037,0.006790576290112116,-0.8129327678341886,-0.8220189234433788,-0.17972223157241848,0.17972223157241848,False,False
feature_190,0,0.0,3.0721874607315853,0.4450999018299634,0.14488045001133198,0.886500865288071,5.088524698388988,154037,0.006823036023812461,3.0688053459464197,3.148721102222302,0.1797176114722878,0.1797176114722878,False,False
feature_332,0,0.0,25.83848101395401,1.306387288613721,0.05055975573441062,19.554632440849566,31.576972384433983,154037,0.0068035601835922535,25.84841533601588,25.613677927296074,-0.1795893668421213,0.1795893668421213,False,False
feature_337,0,0.0,-526.8727379351039,35.63451674069051,0.06763401135603962,-673.6863681506987,-363.9458011396477,154037,0.0072190447749566665,-527.1428091919154,-520.7613141488907,0.17922443536536978,0.17922443536536978,False,False
feature_88,0,0.0,11.474578829793524,1.323837896016801,0.11537137141621975,5.102642996549033,17.407111518463708,154037,0.007102189733635425,11.48465425705193,11.246582683405178,-0.17863458437341878,0.17863458437341878,False,False
feature_251,0,0.0,1281.4391134537502,119.77299694089463,0.0934675675835124,737.5841415891425,1871.893897146046,154037,0.0069398910651337015,1282.3378445097903,1261.1017905629822,-0.17751051120660277,0.17751051120660277,False,False
feature_404,0,0.0,45.74705093218782,5.241847788732044,0.11458329404669576,21.28813686155673,68.42487810135125,154037,0.007141141414075839,45.78650364957266,44.85427811991966,-0.1772339403695314,0.1772339403695314,False,False
feature_466,0,0.0,-0.7109171753674636,0.02232944171438388,0.03140934343419413,-0.8129235843733259,-0.6172049173921829,154037,0.006556866207469634,-0.7107487076279632,-0.7147294201896188,-0.17677314554147994,0.17677314554147994,False,False
feature_482,0,0.0,-0.10858264778634336,0.006464317860847844,0.05953361787205261,-0.1361172776046859,-0.0797857440360797,154037,0.007056746106454943,-0.10853400939417074,-0.10968328259789722,-0.17674955049828858,0.17674955049828858,False,False
feature_500,0,0.0,1.753230577630698,0.24553738585546306,0.14004854181090107,0.6323069215129647,2.878976971608056,154037,0.006595817887910048,1.7513964768039632,1.7947343183514073,0.17638654602010168,0.17638654602010168,False,False
feature_75,0,0.0,8.290056152240147,0.3015343551072465,0.03637301721120014,6.959768269101468,9.596329860632746,154037,0.00695287495861384,8.28778832030528,8.341374764200236,0.17633241155522825,0.17633241155522825,False,False
feature_164,0,0.0,1680.0695701794514,137.71674514927548,0.08197085858448451,1010.6875842461096,2368.0791949507056,154037,0.006751624609671702,1679.0368003375122,1703.440047483202,0.17588720211417094,0.17588720211417094,False,False
feature_89,0,0.0,1093.9738825235281,144.20941533450323,0.13182162539552375,452.47276002328704,1763.3973959811146,154037,0.007108681680375494,1095.0573845723209,1069.4553896206626,-0.1753793784220059,0.1753793784220059,False,False
feature_20,0,0.0,106.42302934787146,14.324101170045973,0.1345958788978268,35.53648338149755,176.82086304152966,154037,0.007089205840155288,106.31609616560787,108.84281293142098,0.1750776498865241,0.1750776498865241,False,False
feature_237,0,0.0,-0.14661300802338434,0.0047817956323054365,0.03261508441012788,-0.1675706612813511,-0.1258825529777001,154037,0.00682952797055253,-0.14664854400004151,-0.14580886686607272,0.17466759015852304,0.17466759015852304,False,False
feature_250,0,0.0,32.118339609168814,0.6985430603015285,0.021749040230651138,29.115325670548717,35.13828116040506,154037,0.007121665573855632,32.12346800035468,32.00228959981838,-0.17437267296122363,0.17437267296122363,False,False
feature_283,0,0.0,6.947138189652798,0.7235234058176313,0.10414697189920032,3.7508249964646008,9.998998122998948,154037,0.0065698501009497715,6.941789156170783,7.068181098258434,0.17358910750149126,0.17358910750149126,False,False
feature_258,0,0.0,424.4212042654057,30.073280558832526,0.07085715854108607,278.6360988431003,561.2042712395823,154037,0.006706180982491219,424.6419223738463,419.42658945931186,-0.17259831410777066,0.17259831410777066,False,False
feature_188,0,0.0,-266.2372311694131,31.861814938898384,0.11967452785979414,-419.4837732519369,-113.68474273745863,154037,0.006842511864032667,-266.0037053119677,-271.52167164166775,-0.17254512284866322,0.17254512284866322,False,False
feature_359,0,0.0,2840.5125882607226,243.1381842831927,0.08559658749200225,1759.27343704014,3876.057344286304,154037,0.0069918266390542536,2842.297836163652,2800.114336973062,-0.17238549508791182,0.17238549508791182,False,False
feature_265,0,0.0,-7.607458073848391,0.20598226338822845,0.027076358671803767,-8.637741032500658,-6.698335505364617,154037,0.007206060881476528,-7.605955592093392,-7.641457629537003,-0.17226841835221476,0.17226841835221476,False,False
feature_299,0,0.0,3.4080087604531646,0.122693969810012,0.03600165916055255,2.8721913706270894,3.9614388674871934,154037,0.006972350798834046,3.408908474065475,3.387649203364525,-0.17219368040229818,0.17219368040229818,False,False
feature_17,0,0.0,0.11759680421149744,0.017573987396078877,0.1494427294509817,0.0414075577768347,0.1948691609683532,154037,0.006686705142271013,0.11772580164255211,0.11467773026851184,-0.17185544912298004,0.17185544912298004,False,False
feature_455,0,0.0,1.4580957295769086,0.20077349795708724,0.13769569026537448,0.5359853308421703,2.387791914818392,154037,0.0071671092010361145,1.456631729947394,1.4912244759101996,0.17148918372008223,0.17148918372008223,False,False
feature_345,0,0.0,-506.40690791675894,60.546297975656245,0.11956056884123033,-779.7488215072259,-223.857206959096,154037,0.007082713893415219,-506.8505116290808,-496.3686302001936,0.17147946809864345,0.17147946809864345,False,False
feature_133,0,0.0,5.37209784405017,0.701515827860661,0.13058508020988857,2.1773320788874413,8.531443207832188,154037,0.006881463544473081,5.3669901130943565,5.4876803344842475,0.17101141308996054,0.17101141308996054,False,False
feature_173,0,0.0,-4.373219227152364,0.31854190038581226,0.07283922525723273,-5.723709186806224,-2.970105104413648,154037,0.007004810532534391,-4.37552813718508,-4.320971061757933,0.1706641217605666,0.1706641217605666,False,False
feature_126,0,0.0,3309.9132722818936,258.4456489370616,0.0780823023676648,2055.060361604441,4417.951411154591,154037,0.006920415224913495,3311.7866969159395,3267.5196758460647,-0.17060383219531094,0.17060383219531094,False,False
feature_81,0,0.0,-943.1553288157646,131.34423612921438,0.13926045065570644,-1520.632055829058,-406.24601074898857,154037,0.007232028668436804,-942.2030992534586,-964.703265703671,-0.17059659838409347,0.17059659838409347,False,False
feature_464,0,0.0,20.92288320786034,2.8315144539314674,0.1353309878854421,7.690774865997499,33.21356569659547,154037,0.006978842745574115,20.90250053723866,21.384121251236422,0.16959681576645838,0.16959681576645838,False,False
feature_418,0,0.0,-1367.8936807500472,103.0450738560147,0.07533120103275331,-1811.690471887367,-905.101028648522,154037,0.006907431331433357,-1368.629811560096,-1351.2358275767406,0.1679983692606015,0.1679983692606015,False,False
feature_271,0,0.0,1.516094121212529,0.06566232517304832,0.04331019047849975,1.2359091730629972,1.812512025398545,154037,0.006615293728130254,1.5165653656817393,1.505430362720592,-0.1677384841347175,0.1677384841347175,False,False
feature_308,0,0.0,237.20477304743966,19.50157855470399,0.08221410684178679,148.50792308359135,320.5764450127904,154037,0.007115173627115563,237.34376391182198,234.05955839305153,-0.16755676915105142,0.16755676915105142,False,False
feature_441,0,0.0,175.0871381394833,6.5035518877672995,0.03714465812209598,148.3222572353713,204.7728864083483,154037,0.007232028668436804,175.04085230086537,176.1345371794031,0.16737593522857022,0.16737593522857022,False,False
feature_414,0,0.0,90.18093795250364,5.20572535535186,0.05772534056025902,67.87162990639796,114.42982108845224,154037,0.007108681680375494,90.21787889884345,89.34500383344293,-0.16688837520351918,0.16688837520351918,False,False
feature_368,0,0.0,26.743606250426517,3.091341546668402,0.11559179856752116,13.81982324266636,39.70771195125955,154037,0.006660737355310737,26.721745041768443,27.238302028739408,0.1661377457653817,0.1661377457653817,False,False
feature_200,0,0.0,35.89865754205211,1.3526736998492273,0.03768034217615768,29.40460218367559,42.132956951082896,154037,0.007368359549978252,35.90813847659294,35.684114130241404,-0.16596537907030004,0.16596537907030004,False,False
feature_389,0,0.0,-424.97175658091317,10.048407796646277,0.023644883785901887,-473.9016951571797,-381.4947481185403,154037,0.006628277621610393,-425.0428601097433,-423.36275974612965,0.16546042250078002,0.16546042250078002,False,False
feature_34,0,0.0,75.03033351930587,5.854066640876823,0.07802266585114576,48.82622756642077,104.19869771877944,154037,0.007004810532534391,75.07125875573563,74.10423917544294,-0.16435470630359286,0.16435470630359286,False,False
feature_1,0,0.0,4.787901413701578,0.45619558298998114,0.09528090567706395,2.835419243225964,6.809777478857344,154037,0.007277472295617287,4.78470345314686,4.860267841851742,0.1641190579394865,0.1641190579394865,False,False
feature_373,0,0.0,71.33297964274121,6.252623688578562,0.08765403772411776,45.02810775600217,100.44245580585516,154037,0.007283964242357356,71.37692737821341,70.33848937715024,-0.1641189593862824,0.1641189593862824,False,False
feature_340,0,0.0,0.1274677763529569,0.009657417135186416,0.07576359619269683,0.0892731327923409,0.1781517988148829,154037,0.0069853346923141844,0.12753479439790033,0.12595122965039982,-0.16400968426271767,0.16400968426271767,False,False
feature_222,0,0.0,13.185855771150365,0.6164872787136062,0.0467536798076036,10.418066543559622,16.079247733878926,154037,0.006874971597733012,13.190155293076629,13.088562186932117,-0.16396844270056787,0.16396844270056787,False,False
feature_380,0,0.0,2123.0770165343015,132.8102423546814,0.06255554618149467,1588.7495277426265,2696.350063663531,154037,0.006556866207469634,2122.153100917905,2143.984239099058,0.16394446832363166,0.16394446832363166,False,False
feature_291,0,0.0,34.29293794088212,4.158464856171953,0.12126300940854835,16.561653978738526,54.54758797663197,154037,0.0070762219466751495,34.32182236895976,33.63931421620698,-0.16358949024772312,0.16358949024772312,False,False
feature_105,0,0.0,130.77093470943183,6.27569340467753,0.04798997130839424,104.65055948274448,160.74916615754407,154037,0.007017794426014529,130.8143277286845,129.78899707879557,-0.16334580375867822,0.16334580375867822,False,False
feature_71,0,0.0,699.4524332970304,31.481402544707624,0.045008639681633204,549.5458911839352,833.4588382599862,154037,0.0070762219466751495,699.670998783709,694.5065300198626,-0.16287331325368956,0.16287331325368956,False,False
feature_421,0,0.0,1331.5658075841936,141.54009525846257,0.10629598210790128,739.1498696798998,1978.0489507000048,154037,0.00725799645539708,1330.587067480483,1353.7136496794817,0.1623860734339837,0.1623860734339837,False,False
feature_315,0,0.0,0.3192639265638331,0.013494716342300147,0.042268215164615645,0.2589566066427077,0.3889272963027189,154037,0.006933399118393632,0.31935762556761615,0.3171436182895488,-0.16218006521536116,0.16218006521536116,False,False
feature_473,0,0.0,91.47702852464082,3.003043227908962,0.03282838627732692,77.63902106540472,104.57617610629624,154037,0.006706180982491219,91.45635859406299,91.94476695369107,0.1620749661727794,0.1620749661727794,False,False
feature_270,0,0.0,-2392.881780053155,299.6687395934168,0.12523340772261635,-3658.400184791888,-1000.27470507619,154037,0.007543642111960114,-2390.8391231544724,-2439.104921697563,-0.1619690078687067,0.1619690078687067,False,False
feature_198,0,0.0,51.426541363196435,5.9087548031357935,0.11489698989099065,25.521095706511005,76.6616664847561,154037,0.006907431331433357,51.46725797010579,50.505168082316814,-0.16187316030060397,0.16187316030060397,False,False
feature_412,0,0.0,-10.877275392389805,1.527425823666814,0.14042356827110075,-17.632596322217402,-4.143113148225018,154037,0.007115173627115563,-10.887766255050572,-10.63987838702223,0.16179907149082814,0.16179907149082814,False,False
feature_306,0,0.0,0.9735869182844615,0.032586813075063115,0.03347088222229167,0.8356004364996836,1.11904718584206,154037,0.0065308984205093585,0.9733624633477571,0.9786660935188211,0.16173631171944433,0.16173631171944433,False,False
feature_176,0,0.0,3.8954998605748687,0.21019161063093883,0.053957545412392935,3.000446638253412,4.78729951205765,154037,0.007115173627115563,3.896937209087906,3.8629742005125505,-0.16140038691878308,0.16140038691878308,False,False
feature_476,0,0.0,6.282783405400787,0.1263500437121403,0.020110520379156737,5.712665458992901,6.876937448712287,154037,0.0068490038107727365,6.2836448183817915,6.2632905506482315,-0.1612744353105174,0.1612744353105174,False,False
feature_83,0,0.0,0.2716301288941831,0.03231755325752736,0.11897632044388223,0.1346108774216767,0.4182004952583648,154037,0.007043762212974805,0.2714094471869869,0.2766239199790388,0.1612711660432186,0.1612711660432186,False,False
feature_248,0,0.0,0.7721292778468697,0.07839621577250871,0.10153249983101459,0.4137424109460919,1.115540991949152,154037,0.0067581165564117715,0.7715893084949621,0.7843482069548144,0.1608471647888147,0.1608471647888147,False,False
feature_22,0,0.0,23.97186193426624,1.1962678903361292,0.049903002679409766,18.597256429063687,29.251532183433003,154037,0.00695287495861384,23.980036444445442,23.78688150895316,-0.16024023233201254,0.16024023233201254,False,False
feature_260,0,0.0,-493.0975670317169,31.744059931377507,0.06437683341750432,-633.7909484296466,-350.0789065083023,154037,0.0067126729292312885,-493.3133789910725,-488.21397313384585,0.1602105351579221,0.1602105351579221,False,False
feature_160,0,0.0,334.3023389049604,10.364243618229072,0.031002605761533568,287.1171601229101,377.63815518727216,154037,0.007199568934736459,334.37281857632877,332.70745929751604,-0.16000585007194437,0.16000585007194437,False,False
feature_454,0,0.0,7.533846963299642,0.6302318769761673,0.08365339514411121,4.92016187519159,10.375926184836976,154037,0.007186585041256322,7.538131478742459,7.436892959757181,-0.1596650869200075,0.1596650869200075,False,False
feature_39,0,0.0,0.3121559570428188,0.022479904789169,0.07201497931396326,0.2188109401155802,0.4154073263870658,154037,0.007108681680375494,0.3123077785598657,0.30872039843694055,-0.15920161745404168,0.15920161745404168,False,False
feature_443,0,0.0,0.1513641868077679,0.01994594995800008,0.1317745655604214,0.070477917173613,0.2342261293338722,154037,0.007102189733635425,0.15149876114942695,0.14831891334053973,-0.15856137459703193,0.15856137459703193,False,False
feature_154,0,0.0,192.36901958640163,21.357965703508764,0.11102601525666109,99.89966780234204,286.2990756006435,154037,0.006965858852093977,192.2239758641822,195.65120394203464,0.1584396541467648,0.1584396541467648,False,False
feature_367,0,0.0,-2.6914558266908735,0.1359783935644235,0.05052224607067322,-3.3215377908276262,-2.1374019413582497,154037,0.007374851496718321,-2.6923767125758453,-2.670617163708943,0.15830054654049358,0.15830054654049358,False,False
feature_442,0,0.0,12.502779929444234,0.6767909618077477,0.05413123846272738,9.238236501739353,15.490070554224715,154037,0.007121665573855632,12.507322381751454,12.399989090441847,-0.15807691251523043,0.15807691251523043,False,False
feature_471,0,0.0,0.6077975392459002,0.06375376498323754,0.10489309493147571,0.3460785300431672,0.897358068412806,154037,0.007478722644559424,0.6073711839807194,0.6174455030453989,0.1576416693542647,0.1576416693542647,False,False
feature_56,0,0.0,1088.7778073281504,110.48235442508776,0.10147373842621786,610.4175016783664,1619.7094981976525,154037,0.007043762212974805,1088.039771089889,1105.4787783046493,0.15743337634508192,0.15743337634508192,False,False
feature_331,0,0.0,440.0061225929559,64.13738509193163,0.14576475598559868,169.46583622012727,714.1985307124987,154037,0.006680213195530944,440.4348463392185,430.30456259891463,-0.15724534981284097,0.15724534981284097,False,False
feature_24,0,0.0,810.8055416001707,80.56807848693644,0.0993679425623199,488.0920040622892,1164.0236563025417,154037,0.006550374260729565,811.3416088313138,798.6749133130464,-0.15683957830130563,0.15683957830130563,False,False
feature_214,0,0.0,0.12700147066312806,0.008462485299695942,0.06663297090584659,0.0874241205464721,0.1625479727208074,154037,0.006920415224913495,0.12694505256984262,0.1282781517929462,0.15660137883509978,0.15660137883509978,False,False
feature_80,0,0.0,3447.520330233716,146.5869123433585,0.04251952078653037,2846.405754949819,4140.777384002515,154037,0.00676460850315184,3448.4923020730957,3425.5256467237227,-0.15639428667417435,0.15639428667417435,False,False
feature_298,0,0.0,-17.954828105609593,0.7125330981425447,0.03968476300365857,-21.3188394789063,-14.612672601263002,154037,0.006868479650992943,-17.950088384866202,-18.06208291840656,-0.1562829349357327,0.1562829349357327,False,False
feature_136,0,0.0,42.26070984379383,5.323311516054282,0.12596360865045983,17.08105291980076,64.99982602892148,154037,0.007050254159714874,42.225344428593,43.060991377709875,0.15546849189269282,0.15546849189269282,False,False
feature_259,0,0.0,58.438280542507535,6.953883398786225,0.11899534576018242,28.14782362369217,89.39631816174779,154037,0.007082713893415219,58.484404631900254,57.39454171461453,-0.15506221201039302,0.15506221201039302,False,False
feature_211,0,0.0,3.7892643607736356,0.34910493590453257,0.09213000273046601,2.248110066311553,5.252711337246906,154037,0.0069853346923141844,3.7869550211938807,3.841522246358265,0.15498600001718227,0.15498600001718227,False,False
feature_57,0,0.0,0.2929910357512606,0.037906821178938684,0.12937877461589056,0.1283666486843939,0.463620345547071,154037,0.00682952797055253,0.29324153507235745,0.2873225039443026,-0.15488278423527646,0.15488278423527646,False,False
feature_496,0,0.0,-1985.3216288139483,60.982295474881724,0.030716582436727483,-2218.4944578882546,-1713.1488318810714,154037,0.007251504508657011,-1984.9227699956064,-1994.3473774201968,-0.1546328152051445,0.1546328152051445,False,False
feature_48,0,0.0,4354.502578715653,623.5903237766762,0.14320586852439118,1587.589470355351,7139.189583859111,154037,0.006933399118393632,4350.399266808241,4447.356139991549,0.1546100753269856,0.1546100753269856,False,True
feature_364,0,0.0,0.10712933973835966,0.009729167241465492,0.09081701861718637,0.0545333368118979,0.1485813948435606,154037,0.00669968903575115,0.10706621550195472,0.10855777371688104,0.1539655150578618,0.1539655150578618,False,False
feature_351,0,0.0,-1.0447462372075613,0.021972789454860468,0.021031700017020594,-1.1399705261357451,-0.9502385466682431,154037,0.007576101845660458,-1.0448896218876638,-1.041501595201224,0.15389394657164307,0.15389394657164307,False,False
feature_212,0,0.0,2.491516278159507,0.15750639421699933,0.0632170841497973,1.8413572946623291,3.1822579697018614,154037,0.006615293728130254,2.492548371367675,2.4681611123545495,-0.15375896799363686,0.15375896799363686,False,False
feature_335,0,0.0,2686.4531233910834,351.678870250517,0.13090824745402452,1089.3587276197472,4477.403543110675,154037,0.00713464946733577,2684.1632724842257,2738.2700011450033,0.15375230655559155,0.15375230655559155,False,False
feature_370,0,0.0,1.5269086086215062,0.18975993591604154,0.1242772061435667,0.6099731197036574,2.35537736819536,154037,0.007290456189097425,1.5256724379267999,1.554881829750778,0.15354862151115267,0.15354862151115267,False,False
feature_185,0,0.0,332.2446431151247,41.182102207541696,0.12395113980294292,163.4537072641523,511.5723689973623,154037,0.006894447437953219,331.97655791227385,338.31112462366156,0.15326109371953842,0.15326109371953842,False,False
feature_127,0,0.0,-89.8498963485197,2.98138956608696,0.03318189210282911,-102.29733464567852,-77.1425461865027,154037,0.006823036023812461,-89.86948147441751,-89.40670588952423,0.15309584416717487,0.15309584416717487,False,False
feature_431,0,0.0,0.31343836607679937,0.026193785426940498,0.08356917423606795,0.1971258520634384,0.4363363697794579,154037,0.006816544077072392,0.31326810008692196,0.31729130338232786,0.15280825931493383,0.15280825931493383,False,False
feature_411,0,0.0,0.24319862067185655,0.027320579038158176,0.11233854436625829,0.1141194056787477,0.3608842819971509,154037,0.006797068236852185,0.24337511289083483,0.23920479045875054,-0.15279496786096783,0.15279496786096783,False,False
feature_137,0,0.0,1795.4456845288573,119.89622981916607,0.0667779765505009,1271.044838485495,2325.7492665892114,154037,0.006608801781390185,1796.2186877510533,1777.9534480920017,-0.15194142143686265,0.15194142143686265,False,False
feature_448,0,0.0,0.12732810032424863,0.017039566699960547,0.1338240864080142,0.0533303773937452,0.1980183684003392,154037,0.007225536721696735,0.12743803372203605,0.12484042507117275,-0.1511765202341685,0.1511765202341685,False,False
feature_456,0,0.0,1126.5133678843563,84.60130872622968,0.07510013741347323,728.104633143307,1495.0329276005962,154037,0.006706180982491219,1127.0470021338267,1114.4377953711855,-0.14995848244666682,0.14995848244666682,False,False
feature_152,0,0.0,1.0898309333815117,0.07423302494742548,0.06811425760975266,0.7641389900394572,1.4257982306611516,154037,0.006615293728130254,1.0902962919686432,1.0793003661079321,-0.14838990343856728,0.14838990343856728,False,False
feature_239,0,0.0,0.9256457939341186,0.09784772789647539,0.10570752715313429,0.5135046968530297,1.3438491099931678,154037,0.007387835390198459,0.9250257560001043,0.9396765894472255,0.14835319011100778,0.14835319011100778,False,False
feature_264,0,0.0,589.5368956040958,75.6855217218993,0.12838131470015068,244.47557141032868,928.643869320199,154037,0.007491706538039562,590.0130070666098,578.763002257399,-0.14830267115114204,0.14830267115114204,False,False
feature_186,0,0.0,560.5959377394032,54.15978565450056,0.0966110918907106,303.5287354798351,797.275502241961,154037,0.007004810532534391,560.256307201921,568.2814136756348,0.1482546081516324,0.1482546081516324,False,False
feature_487,0,0.0,1032.856226664801,127.30355420205976,0.12325389624956422,488.3321469784697,1634.3671774885252,154037,0.006978842745574115,1032.0564758349035,1050.9537328658762,0.1476952018509869,0.1476952018509869,False,False
feature_21,0,0.0,10.414801053172843,0.8967043960727911,0.08609904226635345,5.876686060223564,14.291327718322014,154037,0.007342391763017976,10.409181332017658,10.541969334407733,0.14743666991719995,0.14743666991719995,False,False
feature_91,0,0.0,25.257421667917527,2.531231432453493,0.10021733277980281,13.193075778522186,36.27086069608499,154037,0.0073099320293176315,25.273312713224254,24.89782430305206,-0.14722197648540075,0.14722197648540075,False,False
feature_16,0,0.0,0.2363414408364309,0.015605294147376457,0.06602859867549295,0.1689397684074227,0.3028844460503966,154037,0.0069918266390542536,0.23624429546233902,0.23853973678600665,0.1467486473656461,0.1467486473656461,False,False
feature_321,0,0.0,0.16310711683765308,0.017311259951994003,0.10613430172531699,0.0851826833824482,0.2347542566519263,154037,0.006465978953108669,0.1632143064653007,0.16068153016925013,-0.1461743879018948,0.1461743879018948,False,False
feature_47,0,0.0,33.871542525926316,1.6919612017074535,0.04995229255981993,26.14273803974521,41.48700695700614,154037,0.006861987704252875,33.88208011479429,33.63308815644853,-0.14609815818845376,0.14609815818845376,False,False
feature_343,0,0.0,1.5593206108805153,0.1922620963414674,0.12329863082672977,0.7394247166725945,2.3342658140491057,154037,0.007037270266234736,1.5605087055647446,1.5324352984663212,-0.1460601336467056,0.1460601336467056,False,False
feature_78,0,0.0,1055.7402743518487,114.64064461078183,0.10858792393911773,506.56040551262566,1569.2121493856391,154037,0.007361867603238183,1055.0282298913958,1071.8530791864948,0.14571377920640072,0.14571377920640072,False,False
feature_257,0,0.0,874.3579860297526,51.31804551900121,0.05869225916494913,648.6533586903391,1101.270346526801,154037,0.007063238053195011,874.0411897576425,881.5267469546116,0.14563160430039465,0.14563160430039465,False,False
feature_241,0,0.0,3628.3974442721424,457.8514929346025,0.12618559569800591,1555.6932501465874,5712.888035087107,154037,0.006589325941169979,3625.5874204264774,3691.98527947155,0.1450222835249131,0.1450222835249131,False,False
feature_341,0,0.0,700.7494961127788,72.56612305623891,0.10355501282381242,371.2742352860417,1047.719576448388,154037,0.007335899816277907,701.1946572127904,690.6759763779231,-0.14500048224670714,0.14500048224670714,False,False
feature_26,0,0.0,1020.4122010163061,92.51080917918264,0.0906602342534165,602.761143835561,1450.6295698015151,154037,0.007329407869537838,1020.9766408431141,1007.6395312247661,-0.1442622642385255,0.1442622642385255,False,False
feature_430,0,0.0,-52.13245422932999,1.2331160826389316,0.02365352064981384,-57.73784532117308,-46.360280727532064,154037,0.007024286372754598,-52.12498559001358,-52.30146155172269,-0.1434217361421116,0.1434217361421116,False,False
feature_382,0,0.0,0.1063068157259672,0.010090446931405001,0.09491815611724924,0.0626655324680293,0.1543335551151202,154037,0.006998318585794322,0.10624530409569047,0.10769875815197785,0.14330475467693554,0.14330475467693554,False,False
feature_401,0,0.0,822.3698785859797,92.10988227728919,0.11200541833519867,381.9033744269908,1206.3866680361798,154037,0.006894447437953219,821.8084676803041,835.0740071307619,0.14305216108497232,0.14305216108497232,False,False
feature_369,0,0.0,0.8687781126672324,0.040008355078732905,0.04605129260899933,0.6911969954702414,1.043928472872133,154037,0.007121665573855632,0.8685348789146086,0.8742822324278638,0.14276379431775152,0.14276379431775152,False,False
feature_395,0,0.0,66.51811009321199,9.870437203830196,0.14838721650387734,22.74851661961633,109.14412090798864,154037,0.006719164875971358,66.5784258979682,65.15322792017535,-0.1427227642209411,0.1427227642209411,False,False
feature_435,0,0.0,0.48116342252810584,0.0628805162161522,0.13068432318850923,0.190857166811091,0.7783482508231335,154037,0.007102189733635425,0.4815367483967736,0.4727154572735988,-0.1406095563121118,0.1406095563121118,False,False
feature_4,0,0.0,7.899779048032549,1.1712025571923634,0.14825763481119805,2.8639849523650613,12.852154911955756,154037,0.00676460850315184,7.906746815072633,7.742105929729256,-0.14026708323685083,0.14026708323685083,False,False
feature_208,0,0.0,-32.342983102246954,2.587454552620936,0.08000049174317438,-43.95445908804009,-20.346403577645333,154037,0.006725656822711427,-32.32771671701629,-32.68844507746681,-0.1386678371752426,0.1386678371752426,False,False
feature_303,0,0.0,0.6815624511284322,0.0444785743793451,0.06525971949555602,0.471042649729203,0.8895697534862954,154037,0.007270980348877218,0.6818247191090697,0.6756276071389125,-0.13866469484840868,0.13866469484840868,False,False
feature_356,0,0.0,-2.4251526413111235,0.30218636653087594,0.12460509140055748,-3.814603033401115,-1.1990728248139375,154037,0.007050254159714874,-2.423379724852033,-2.4652718452092897,-0.13854928920520693,0.13854928920520693,False,False
feature_392,0,0.0,-1.8927240801899239,0.25787675653473724,0.13624635478239427,-3.159473536435702,-0.5720124941948491,154037,0.007024286372754598,-1.8942389664626171,-1.858443823528603,0.13832665180062095,0.13832665180062095,False,False
feature_118,0,0.0,25.999756374421878,0.8719661935048244,0.03353747554198816,22.416765624044245,29.92494012149342,154037,0.00658283399442991,26.00489039804094,25.883578909130115,-0.13803158522045206,0.13803158522045206,False,False
feature_140,0,0.0,0.19744704162725146,0.019395997270980934,0.0982339219222007,0.1086246434838931,0.2794472605094666,154037,0.0070762219466751495,0.19756132987587854,0.19486082075580355,-0.13785415791957806,0.13785415791957806,False,False
feature_51,0,0.0,-515.812831986669,12.895537573972002,0.02500042025768231,-574.1583239900314,-458.8724130933488,154037,0.006810052130332323,-515.8875744396319,-514.1214901894372,0.13710279190237123,0.13710279190237123,False,False
feature_62,0,0.0,-21.3071698255931,2.9694442976851256,0.13936361900670538,-35.802928685479834,-8.73594454764667,154037,0.006816544077072392,-21.28987469567986,-21.698540123881333,-0.13686412964053807,0.13686412964053807,False,False
feature_483,0,0.0,35.77855065628729,2.6086751220920616,0.07291170475720891,24.10833429714904,48.02964631501612,154037,0.006725656822711427,35.7634657963832,36.11990490745009,0.13683722180655875,0.13683722180655875,False,False
feature_346,0,0.0,-621.64135014478,57.33336459432786,0.09222900725792284,-885.4961523030571,-366.1981030843675,154037,0.006894447437953219,-621.3094733718852,-629.1513666785871,-0.13616806582112384,0.13616806582112384,False,False
feature_461,0,0.0,-3482.3758825788786,507.3405347747918,0.1456880451397682,-5822.435808044739,-1159.546578463305,154037,0.007128157520595701,-3479.4463100295397,-3548.6689771230403,-0.1361125444812317,0.1361125444812317,False,True
feature_41,0,0.0,41.28530255038003,4.832837836111479,0.1170595233064846,21.59919035912509,62.492752768989256,154037,0.006738640716191564,41.31325610691655,40.652743453408895,-0.1358064044530096,0.1358064044530096,False,False
feature_114,0,0.0,3313.527200271216,240.44385314535612,0.07256432152591821,2267.937168211945,4475.91492556795,154037,0.007108681680375494,3314.909566125191,3282.2457389969886,-0.13540858598785108,0.13540858598785108,False,False
feature_166,0,0.0,34.603742718158784,1.8839501542968626,0.05444353721044846,25.741664171326057,42.67043703134151,154037,0.006842511864032667,34.59297206831502,34.84747100833406,0.13472298657995826,0.13472298657995826,False,False
feature_27,0,0.0,286.1072105101252,28.240637461021613,0.09870648632262342,152.67955472364028,402.9117267452001,154037,0.007296948135837493,285.9466698611009,289.7400737503121,0.13466212441638176,0.13466212441638176,False,False
feature_288,0,0.0,-430.75934594774407,41.495008820166575,0.09632990952029254,-612.135119073159,-240.97626469413208,154037,0.006978842745574115,-430.99502610386713,-425.42615599974994,0.13464688924322377,0.13464688924322377,False,False
feature_240,0,0.0,17.453544328235576,0.6703629294076766,0.0384084124577031,14.602075628798008,20.455058977692037,154037,0.007199568934736459,17.449730849811218,17.539839267674843,0.13454885118400026,0.13454885118400026,False,False
feature_125,0,0.0,3.706038672019168,0.29350951336414977,0.07919763913425017,2.423577965244912,5.125166179555236,154037,0.0071671092010361145,3.7077094559623203,3.668230617758403,-0.13398648430026308,0.13398648430026308,False,False
feature_9,0,0.0,7.714774633543765,0.36783463157417656,0.04767924522057134,6.156104211438968,9.427630785518897,154037,0.006933399118393632,7.716855062985182,7.667696739643013,-0.1339383335179587,0.1339383335179587,False,False
feature_491,0,0.0,162.2117904188537,17.955364089831125,0.11069086928556701,78.61805949495374,243.2002523088781,154037,0.007783844141342665,162.10862994657506,164.5462016091586,0.1338435721118041,0.1338435721118041,False,False
feature_427,0,0.0,0.5985024160202319,0.05385351635686056,0.0899804493939421,0.3282005326326534,0.8349634355619822,154037,0.007160617254296045,0.5988063700751294,0.5916242607402259,-0.1328378172093162,0.1328378172093162,False,False
feature_449,0,0.0,0.3972483119735276,0.04123418373856601,0.10379951908093653,0.2120774367316103,0.578501593584193,154037,0.006946383011873771,0.397015794030921,0.4025099444106249,0.1326198151730832,0.1326198151730832,False,False
feature_202,0,0.0,10.501029342485332,0.8427724384623677,0.08025617403549741,6.725698324350538,13.989832342127071,154037,0.0071671092010361145,10.496300773446853,10.60803180412341,0.13216883773937568,0.13216883773937568,False,False
feature_82,0,0.0,-58.640508341837844,1.3296917020738457,0.02267530994654014,-64.60069145157011,-52.79353614803936,154037,0.007160617254296045,-58.64798060468057,-58.47141902291888,0.13175508373823253,0.13175508373823253,False,False
feature_261,0,0.0,148.18454941678294,5.6636830983450555,0.03822046981710229,123.64860192236466,171.63731347337352,154037,0.006900939384693288,148.21596826160174,147.47357455100968,-0.13102946873236088,0.13102946873236088,False,False
feature_182,0,0.0,12.066357384603538,1.1432050023272995,0.0947431744219684,7.431506532625448,17.25244771275245,154037,0.007043762212974805,12.072651507937213,11.923928103128306,-0.1306471552563977,0.1306471552563977,False,False
feature_40,0,0.0,4962.264352106923,250.49901706533427,0.050480788464841685,3909.6284834526887,6052.59640986554,154037,0.007024286372754598,4960.892929151002,4993.298187298126,0.12910725441241416,0.12910725441241416,False,False
feature_386,0,0.0,902.0840205893796,122.10832097900385,0.1353624697832736,384.6554954848151,1478.7499275355526,154037,0.006745132662931633,901.4149016609323,917.2254665299655,0.12898259176915278,0.12898259176915278,False,False
feature_327,0,0.0,0.4283584676806402,0.04290958924504339,0.10017215132311649,0.2358881742753853,0.6398077635170176,154037,0.0075046904315197,0.42859090361143176,0.42309869108323145,-0.1285576962366037,0.1285576962366037,False,False
feature_326,0,0.0,183.45384310167466,6.751991847127128,0.036804853651307846,152.53759375128084,213.35096461921967,154037,0.0070307783194946665,183.4168209532858,184.29161473628642,0.12846383819569174,0.12846383819569174,False,False
feature_36,0,0.0,-0.21132938343249713,0.008013503374006307,0.037919494411272826,-0.2465805504846156,-0.1778184794752838,154037,0.007576101845660458,-0.21137295042666973,-0.21034350893543408,0.1283872581561211,0.1283872581561211,False,False
feature_170,0,0.0,-29.045708821748367,3.688222561381569,0.12697994681472405,-45.251064536254766,-13.703887693243384,154037,0.007550134058700183,-29.025748538544903,-29.4973886894594,-0.12743256224431895,0.12743256224431895,False,False
feature_224,0,0.0,-0.33877735023977223,0.045544255784084754,0.1344371332730788,-0.5355776615587103,-0.1447986113683633,154037,0.007387835390198459,-0.33853177249889554,-0.34433451194841747,-0.12732785759989806,0.12732785759989806,False,False
feature_161,0,0.0,128.29138219999362,17.578068625450946,0.13701675298850916,53.7588507156836,211.6060149207476,154037,0.006913923278173426,128.1966842019471,130.43429664635525,0.12717221198034823,0.12717221198034823,False,False
feature_372,0,0.0,0.2237304027435501,0.026908433398063383,0.1202716889081322,0.1044824725930873,0.3326724123229401,154037,0.006946383011873771,0.2238759360288881,0.22043714009797694,-0.1271326822497995,0.1271326822497995,False,False
feature_147,0,0.0,18.22649507403718,1.9055975320206335,0.10455095860613767,9.759291517708204,26.017921488094206,154037,0.006842511864032667,18.236731309904386,17.994860000765538,-0.12585764733523527,0.12585764733523527,False,False
feature_30,0,0.0,1.311065297244885,0.10327761776769001,0.07877381697518875,0.8712518031524251,1.774357833496737,154037,0.0070307783194946665,1.3105097420884602,1.3236369164449844,0.12576546438912042,0.12576546438912042,False,False
feature_316,0,0.0,-11.094120867191474,0.31407879684911033,0.028310381742633815,-12.577487281846144,-9.77442761438702,154037,0.007270980348877218,-11.092445088905057,-11.132041938100498,-0.1250723334051729,0.1250723334051729,False,False
feature_141,0,0.0,58.742133008079406,3.278304137051306,0.05580839457430679,44.188151464791815,72.81563469741165,154037,0.007602069632620734,58.72475779118594,59.13531558910297,0.12480591031320924,0.12480591031320924,False,False
feature_310,0,0.0,0.26281795624163967,0.01207761832219747,0.04595431185490646,0.2134377942324672,0.3152312983188403,154037,0.006810052130332323,0.26275405586562217,0.26426395342976083,0.1245671957595032,0.1245671957595032,False,False
feature_253,0,0.0,204.3278172523386,20.415861552089297,0.09991719104441042,116.37574458731964,297.5859618421346,154037,0.006842511864032667,204.2195020748594,206.7788739100124,0.1245150346087825,0.1245150346087825,False,False
feature_391,0,0.0,1.3970414750524671,0.08300298438959049,0.05941340029756328,1.0379968962424508,1.772362354986278,154037,0.00732291592279777,1.3966094277942733,1.4068182425680786,0.12306325473597271,0.12306325473597271,False,False
feature_400,0,0.0,-0.3217498688090097,0.02677988292317354,0.0832319932943626,-0.4352542879371948,-0.2041763883378489,154037,0.007037270266234736,-0.321889473803649,-0.3185907570435239,0.12301285117612047,0.12301285117612047,False,False
feature_394,0,0.0,0.7835969106581602,0.11155035076122992,0.142356802641726,0.286536643503606,1.3017852877907474,154037,0.007433279017378941,0.7841811340704803,0.7703765594787384,-0.12208896079475286,0.12208896079475286,False,False
feature_355,0,0.0,0.48595526911813686,0.06365317837488328,0.13098567382630652,0.1873930717759156,0.7986624594359802,154037,0.006907431331433357,0.48628452033851216,0.47850466603065483,-0.12141169739318562,0.12141169739318562,False,False
feature_498,0,0.0,3153.545013220654,249.93542592733556,0.07925538556752085,2069.5666993729183,4229.453537384795,154037,0.006751624609671702,3152.2757194398214,3182.2677743743307,0.12065063231363088,0.12065063231363088,False,False
feature_318,0,0.0,82.37196005638543,8.978583421101474,0.1090004828700863,46.06882288798373,123.411484766101,154037,0.006810052130332323,82.41795614605569,81.33111772535652,-0.12041443192731636,0.12041443192731636,False,False
feature_79,0,0.0,0.3818836799357085,0.033939976369192514,0.08887516841491219,0.2315182818428189,0.5401784970431512,154037,0.0065308984205093585,0.3820557787432033,0.37798926792711546,-0.12005109494281867,0.12005109494281867,False,False
feature_390,0,0.0,0.17292641809173956,0.0172592149253768,0.09980669880191805,0.0907629196408577,0.2458880540337489,154037,0.006907431331433357,0.17301358643336315,0.17095389171965408,-0.12000523588294398,0.12000523588294398,False,False
feature_6,0,0.0,-26.128125108029245,3.2043032932846147,0.12263808750287725,-41.753788036252814,-11.824556203837863,154037,0.007212552828216597,-26.11193520201556,-26.494485371156568,-0.1195811662337176,0.1195811662337176,False,False
feature_328,0,0.0,-586.1234389587453,31.790444558499956,0.0542384802337474,-718.7748427931186,-423.4293934349058,154037,0.0069918266390542536,-586.2852323273519,-582.4622280138022,0.11949285814792424,0.11949285814792424,False,False
feature_410,0,0.0,25.236239509437436,2.8666333897547838,0.11359193942832756,13.295847240714645,38.806851246155766,154037,0.006842511864032667,25.221842483864513,25.56202880510646,0.11902007883237489,0.11902007883237489,False,False
feature_330,0,0.0,-0.5870858935075232,0.041146607054058086,0.07008617905674618,-0.794469130319195,-0.4035181230175247,154037,0.007043762212974805,-0.5868790441476567,-0.5917666733616099,-0.11877060867353091,0.11877060867353091,False,False
feature_252,0,0.0,2975.356278391539,120.88059776547561,0.040627268284933925,2435.5750245523104,3502.714169390404,154037,0.006810052130332323,2974.745184604882,2989.184677412869,0.11856290611376993,0.11856290611376993,False,False
feature_61,0,0.0,33.9698342757408,1.2047398323944796,0.03546498998538924,28.542258333189963,39.53196731023718,154037,0.006777592396631978,33.97584102743824,33.83390790714091,-0.11767770008806146,0.11767770008806146,False,False
feature_121,0,0.0,2801.5848153814472,351.3054825685743,0.12539526936318815,1274.1515833397273,4314.997356903061,154037,0.006823036023812461,2799.829941134515,2841.2957433088695,0.1175843882531795,0.1175843882531795,False,False
feature_462,0,0.0,8.673405699337138,1.1825978408424604,0.13634757577785622,3.583134693384156,13.894935185104114,154037,0.007089205840155288,8.679292917196834,8.540184253681891,-0.1175202447432176,0.1175202447432176,False,False
feature_329,0,0.0,0.5056639116593792,0.06120782434733446,0.12104447823155062,0.2232085897737787,0.762660533172985,154037,0.007608561579360803,0.5059714183146252,0.49870536483185995,-0.11700480653978061,0.11700480653978061,False,False
feature_317,0,0.0,-7.5898860522522,0.6691362383503603,0.08816156576577362,-10.528541197850087,-4.766243847050892,154037,0.006959366905353909,-7.593186608757084,-7.515197987443576,0.11689003761339564,0.11689003761339564,False,False
feature_67,0,0.0,5.901642267500044,0.4048146898422905,0.06859356624707302,4.025917337142256,7.730985332124826,154037,0.006751624609671702,5.89963761643141,5.947005377845632,0.11653030180035776,0.11653030180035776,False,False
feature_129,0,0.0,0.7563006634137281,0.10719264357173967,0.14173284350684326,0.2877396979021411,1.3018054635924765,154037,0.0068035601835922535,0.7568311467261346,0.7442963932373864,-0.11634482298024325,0.11634482298024325,False,False
feature_415,0,0.0,-1.7489189522131383,0.2369456507412175,0.13548120708588518,-2.8151169740558264,-0.797923070649284,154037,0.007251504508657011,-1.7500852730044005,-1.7225263597165195,0.11626941482612947,0.11626941482612947,False,False
feature_459,0,0.0,6.19760896926039,0.8074864581633993,0.13028999766982122,2.071440472019749,9.551313522701472,154037,0.006881463544473081,6.201570702816059,6.107959174711366,-0.1160933375257368,0.1160933375257368,False,False
feature_434,0,0.0,27.354465202266372,4.0131399934225,0.146708771812874,10.1214991774508,44.42597695719186,154037,0.006771100449891909,27.37418541822471,26.908217799636798,-0.11571292039476398,0.11571292039476398,False,False
feature_366,0,0.0,-66.1236570618891,7.600891449236781,0.11494965322505755,-96.7560116951538,-33.83562824133996,154037,0.00669968903575115,-66.16068494532892,-65.28575564920696,0.11488769150552475,0.11488769150552475,False,False
feature_347,0,0.0,2.373574317142926,0.20425202767485098,0.08605251000554698,1.4661795176718055,3.243746809633909,154037,0.006349123911787428,2.374565012874589,2.351155931969829,-0.11472308836842511,0.11472308836842511,False,False
feature_230,0,0.0,0.3733756576697055,0.028016235780975153,0.07503498207630556,0.2542976185206922,0.5013982934450464,154037,0.007316423976057701,0.3732393230218184,0.3764607649847871,0.11462137772875608,0.11462137772875608,False,False
feature_311,0,0.0,2606.852255095808,256.47606694412565,0.09838534824625095,1509.337637044678,3743.845896640144,154037,0.007361867603238183,2608.1004833298234,2578.6061847436854,-0.1142945197818208,0.1142945197818208,False,False
feature_32,0,0.0,0.921209165216235,0.04895516651519045,0.05314229206968346,0.7086768171892146,1.1260306896248786,154037,0.007128157520595701,0.9214472163744887,0.9158223220250609,-0.11405959414332416,0.11405959414332416,False,False
feature_432,0,0.0,3.3531490561354937,0.25683945157138993,0.07659649102130806,2.226976551667578,4.388523332181038,154037,0.006706180982491219,3.3519084953904454,3.3812216194102396,0.11387366391414147,0.11387366391414147,False,False
feature_206,0,0.0,425.8552035634194,25.57460203155708,0.06005468952253497,308.7965404837555,530.3086587852744,154037,0.007277472295617287,425.9784368275487,423.06656655500933,-0.11371389155067252,0.11371389155067252,False,False
feature_445,0,0.0,0.11118617931585173,0.010296288162315466,0.09260402889702976,0.0667110535320029,0.1590522442744722,154037,0.006933399118393632,0.11113673358665255,0.11230508330112556,0.11370549058626254,0.11370549058626254,False,False
feature_184,0,0.0,11.35593019784734,0.2487262295808097,0.02190276139844175,10.282597550967331,12.429021485319725,154037,0.007102189733635425,11.354739220185802,11.38288074895556,0.11310470101595839,0.11310470101595839,False,False
feature_424,0,0.0,24.645599224539726,3.0653039463657654,0.12437530605113588,10.331286930060996,39.84211130183693,154037,0.00719307698799639,24.660314514850743,24.312607938130732,-0.11287771221285692,0.11287771221285692,False,False
feature_479,0,0.0,-2704.2903725128667,79.97160558248076,0.02957212228218302,-3074.196783702857,-2343.5362285005976,154037,0.006777592396631978,-2704.6764119608847,-2695.5547125508065,0.11285072962233818,0.11285072962233818,False,False
feature_485,0,0.0,1.7506723217659537,0.12211751754792753,0.06975463999153426,1.2120216783297304,2.291401144848359,154037,0.006725656822711427,1.75125644163884,1.7374543135732117,-0.11248619077686985,0.11248619077686985,False,False
feature_44,0,0.0,490.8517988658236,48.51822675608389,0.0988449606748748,280.64030982774386,723.4809937633831,154037,0.007374851496718321,490.6223672937521,496.04359003760527,0.11226045228187616,0.11226045228187616,False,False
feature_489,0,0.0,2.4816780954570263,0.3007368102179907,0.12118284428932229,0.8643385287249097,3.947743380861152,154037,0.00651791452702922,2.480250019963574,2.5139939170006755,0.11223080611441699,0.11223080611441699,False,False
feature_149,0,0.0,6.564548205996251,0.9061441106322129,0.1380360204841689,2.3102140756406038,10.252664042542015,154037,0.0073099320293176315,6.560231285022733,6.662235512051085,0.11218478886408088,0.11218478886408088,False,False
feature_361,0,0.0,0.10402655965397133,0.007005198386908567,0.06734047929884737,0.0746116698390481,0.1349894064044136,154037,0.007245012561916942,0.10399346578539437,0.10477543851648624,0.11199850733706268,0.11199850733706268,False,False
feature_323,0,0.0,153.88120128019463,6.78684589212564,0.04410445093788818,123.4092917177471,182.3941067078865,154037,0.0071671092010361145,153.84911888244307,154.6071916393774,0.1116914468625133,0.1116914468625133,False,False
feature_402,0,0.0,-32.38441723714332,2.607065319784281,0.08050369721626816,-43.758107441500826,-20.18947332411592,154037,0.006543882313989496,-32.396674457198216,-32.10704945250493,0.1114532177195415,0.1114532177195415,False,False
feature_54,0,0.0,-6.0731049270295525,0.4921896664905276,0.08104415655654824,-8.445622479015602,-3.866309416657785,154037,0.00695287495861384,-6.075420463998853,-6.020706801145615,0.11093094675209705,0.11093094675209705,False,False
feature_439,0,0.0,10.540256507135304,1.4053366647986874,0.13333040461086829,4.534699769424612,16.686889420237932,154037,0.007212552828216597,10.546814774878257,10.39184992009662,-0.11085055794065127,0.11085055794065127,False,False
feature_296,0,0.0,3.4999045535638102,0.24843272547859896,0.07098271443592084,2.475137124720012,4.759132078274049,154037,0.0073553756564981145,3.4987410218050474,3.526234033236958,0.11048499742306898,0.11048499742306898,False,False
feature_408,0,0.0,1.6253171103536066,0.07102425599656648,0.043698706882569105,1.2691142075937512,1.927779021633293,154037,0.00732291592279777,1.6249864006986592,1.6328007162561256,0.10920045556417722,0.10920045556417722,False,False
feature_256,0,0.0,0.23972010511737152,0.03275323721443481,0.1366311649095857,0.1076039979717691,0.3763959138487939,154037,0.006706180982491219,0.23956852070805779,0.24315029822875983,0.10879923835897973,0.10879923835897973,False,False
feature_266,0,0.0,0.12935457481655904,0.004465558321857743,0.034521842990017655,0.1108828764064458,0.148858426033616,154037,0.006978842745574115,0.1293343334834376,0.12981261454342072,0.10755750890936608,0.10755750890936608,False,False
feature_383,0,0.0,7.288777786414231,0.670718611570396,0.09202072435526411,4.4610725895650685,10.264733552732393,154037,0.007108681680375494,7.285734350063817,7.357647497035558,0.10725578781807416,0.10725578781807416,False,False
feature_35,0,0.0,-0.35917717288795054,0.0362049042268685,0.1007995690142676,-0.5167956693077556,-0.1879459338545178,154037,0.006771100449891909,-0.35901344009474606,-0.3628822709379489,-0.10625880291104092,0.10625880291104092,False,False
feature_422,0,0.0,246.36248891162717,25.81217317271134,0.10477314662123924,132.871000916663,363.25062184618446,154037,0.006784084343372047,246.4797594489873,243.70878203476062,-0.10622468931984579,0.10622468931984579,False,False
feature_203,0,0.0,8.04350153407816,0.8541877918621782,0.10619601279905443,4.383051063210846,11.92407753875467,154037,0.006660737355310737,8.03970034279775,8.129518428587033,0.10505239004791751,0.10505239004791751,False,False
feature_409,0,0.0,-0.6670033288132085,0.016999736083213875,0.02548673349720955,-0.7470541440225562,-0.5951883429922912,154037,0.007004810532534391,-0.667078706029586,-0.6652976229985774,0.10504165477588061,0.10504165477588061,False,False
feature_95,0,0.0,1.1081532454253327,0.025699957437148663,0.023191699833252283,0.9949352221916778,1.218899250748444,154037,0.006595817887910048,1.1080394053383846,1.1107293248771515,0.10460655119233117,0.10460655119233117,False,False
feature_465,0,0.0,4354.01779842074,506.29672551831953,0.11628264948801083,2027.928798401928,6559.917799591296,154037,0.007251504508657011,4356.260392567417,4303.270290623641,-0.10445174302509884,0.10445174302509884,False,False
feature_429,0,0.0,-28.58385819047164,1.5622716850834713,0.0546557317305839,-35.04037779985225,-22.04308559924874,154037,0.00669968903575115,-28.57701573985503,-28.73869553209786,-0.10392843540280117,0.10392843540280117,False,False
feature_68,0,0.0,0.1742334032635243,0.0066390822220489774,0.03810453160928911,0.1437216357283803,0.2052395598265979,154037,0.007731908567422113,0.17420413170561264,0.17489578732243136,0.10390613627900801,0.10390613627900801,False,False
feature_210,0,0.0,2.888307604664462,0.1576006469603714,0.054565049340954824,2.216793111112632,3.577381501738576,154037,0.007082713893415219,2.887613689331319,2.904010166731434,0.10378256494080522,0.10378256494080522,False,False
feature_18,0,0.0,4.22399334676111,0.5629690472961384,0.13327886695839947,1.7460222670191572,6.77036781057981,154037,0.006745132662931633,4.221538036864029,4.279554384557952,0.10319104796647995,0.10319104796647995,False,False
feature_324,0,0.0,3.360568302267264,0.1639840337372289,0.04879651862055424,2.6969736579140537,4.091586662831224,154037,0.006920415224913495,3.359853653644083,3.376740036520121,0.10283254604610119,0.10283254604610119,False,False
feature_393,0,0.0,121.89833972133499,9.422377385453082,0.07729701164915825,82.05484483246575,164.67132861381305,154037,0.007050254159714874,121.9391368100139,120.97514522406027,-0.10235731044586775,0.10235731044586775,False,False
feature_334,0,0.0,0.8695925628725315,0.10094629268852914,0.1160845860446098,0.4279096901734368,1.3772777483318783,154037,0.006725656822711427,0.8700304382284438,0.8596839117368541,-0.10184692108238481,0.10184692108238481,False,False
feature_138,0,0.0,-1.6590938155866128,0.12109137258381317,0.07298645287337074,-2.2500418574804955,-1.1213828124540124,154037,0.007017794426014529,-1.6585695139231305,-1.6709582016571152,-0.10177878749616136,0.10177878749616136,False,False
feature_377,0,0.0,-40.90195021840054,3.9650121104203504,0.0969394390548305,-58.17716471374851,-24.15055742554784,154037,0.0070762219466751495,-40.9190325419727,-40.51539550008207,0.10172984512077961,0.10172984512077961,False,False
feature_111,0,0.0,28.165642033262202,1.5292663271699305,0.054295454204947434,21.516802621907303,35.50396947199722,154037,0.006868479650992943,28.17218867017393,28.017498639498747,-0.10093453240998872,0.10093453240998872,False,False
feature_297,0,0.0,2.7775360541291443,0.339367186776093,0.12218281965110138,1.2603594906176363,4.289409945566931,154037,0.0068490038107727365,2.7761010455212047,2.8100087646408864,0.09992334345921564,0.09992334345921564,False,False
feature_417,0,0.0,55.8336206250047,5.388858248077645,0.09651636751753623,33.19640441154411,78.85455434798531,154037,0.006745132662931633,55.8108276578431,56.34940110203273,0.09987448878033256,0.09987448878033256,False,False
feature_428,0,0.0,0.1276530313059858,0.009294182241210066,0.0728081593215895,0.0891396748264932,0.1662533033204,154037,0.006874971597733012,0.12769222623037288,0.12676609207362902,-0.09961531989206689,0.09961531989206689,False,False
feature_116,0,0.0,2.9949441961950254,0.28115651794370045,0.09387704729220005,1.6993949194430928,4.22135739631036,154037,0.006978842745574115,2.993757077065714,3.021807432844467,0.09919511512020472,0.09919511512020472,False,False
feature_76,0,0.0,9.4971613302344,1.1394881666971688,0.11998197430526801,4.56347802780184,14.579988778938873,154037,0.007050254159714874,9.492376464153349,9.605437733754009,0.09906118569933778,0.09906118569933778,False,False
feature_7,0,0.0,656.0132789228678,71.29882297427014,0.10868503011301582,362.7562139509691,973.923963165106,154037,0.007024286372754598,655.7138693893015,662.7885965440734,0.09847141379119836,0.09847141379119836,False,False
feature_468,0,0.0,0.15911242605049938,0.011851678656231447,0.07448619162195377,0.106594026002082,0.2084373679926731,154037,0.00651791452702922,0.1590633072278717,0.16022393248958372,0.09809206019686253,0.09809206019686253,False,False
feature_102,0,0.0,0.18925093709197444,0.01506796893564377,0.07961899247199425,0.124145479148505,0.2508542558304952,154037,0.006647753461830599,0.18918859659726872,0.1906616358338053,0.09767204968774262,0.09767204968774262,False,False
feature_494,0,0.0,-3.2560145464991574,0.4028579688610922,0.12372732465038956,-5.119722045372188,-1.4270683405474716,154037,0.007050254159714874,-3.2543588973990984,-3.293480115442634,-0.09697882480765836,0.09697882480765836,False,False
feature_300,0,0.0,1.0580382826313974,0.08355280564088617,0.07896954865667612,0.6980382763473292,1.4444732061228325,154037,0.006504930633549082,1.0583832162523383,1.0502328035864579,-0.09673035101873663,0.09673035101873663,False,False
feature_405,0,0.0,78.9787949500568,8.138752267081859,0.10304984106466171,42.52500931983541,115.15664650994016,154037,0.006790576290112116,78.94539918832032,79.73450533199258,0.09670525268018826,0.09670525268018826,False,False
feature_196,0,0.0,5.163034074745109,0.5828366834613351,0.11288646850352403,2.56075704399583,7.897663245677532,154037,0.007212552828216597,5.1654289830224815,5.1088398610219246,-0.09665036642065761,0.09665036642065761,False,False
feature_249,0,0.0,190.1856468568982,26.55154096368048,0.13960854250825097,61.52298596477688,314.7438157252597,154037,0.006920415224913495,190.2936754947736,187.74107428409476,-0.0956754501198592,0.0956754501198592,False,False
feature_73,0,0.0,2.584620579406713,0.2721523777904001,0.10529683929579765,1.4042928914165418,3.736627996667907,154037,0.007212552828216597,2.583513744423712,2.6096670716635533,0.09560304177899243,0.09560304177899243,False,False
feature_119,0,0.0,0.9331929391924257,0.09256297378708907,0.09918953508927315,0.5411355831609626,1.3482118235363652,154037,0.007232028668436804,0.9335682704956038,0.9246995930991265,-0.09515423331708467,0.09515423331708467,False,False
feature_11,0,0.0,326.01091724940255,40.96412966011431,0.1256526315306681,150.13557399189,514.535456040566,154037,0.00713464946733577,325.84710587698476,329.71779346298064,0.09457215813568917,0.09457215813568917,False,False
feature_158,0,0.0,18.03587102995452,1.066544592456262,0.059134631794877685,13.591382367217156,22.81803872305583,154037,0.006920415224913495,18.04015374249558,17.938957824151224,-0.09450275477168354,0.09450275477168354,False,False
feature_64,0,0.0,-28.144120496322266,0.5905634828821983,0.020983547272666422,-30.582154096848416,-25.63637195997549,154037,0.0069398910651337015,-28.14648153619942,-28.090692688284534,0.09414705660257977,0.09414705660257977,False,False
feature_148,0,0.0,1.1816848500766421,0.09782587276375455,0.08278507823588474,0.7505769496605287,1.6659720434443903,154037,0.0063945675389679105,1.1812990512236656,1.1904150656301615,0.09352685489898777,0.09352685489898777,False,False
feature_363,0,0.0,-1921.6801575852398,249.99517448533697,0.13009197888553833,-3044.8123842115847,-752.2025845198987,154037,0.007056746106454943,-1920.6910546067952,-1944.0625004559574,-0.09351480275169467,0.09351480275169467,False,False
feature_493,0,0.0,1169.2001734090902,126.47122920661327,0.10816901338447064,579.6858399535313,1726.4583215774317,154037,0.006784084343372047,1169.699918776705,1157.89147005891,-0.09282567728725404,0.09282567728725404,False,False
feature_181,0,0.0,9.139514020496318,0.6896464793063599,0.07545767507547507,6.147179452681178,12.506330593559277,154037,0.0069398910651337015,9.136812580704316,9.200644714657487,0.09276836836997925,0.09276836836997925,False,False
feature_492,0,0.0,113.90536446300682,2.7456610316725745,0.02410475612467125,101.44256479484515,126.59077589365468,154037,0.006816544077072392,113.9160116332441,113.66443038430447,-0.09160535603674275,0.09160535603674275,False,False
feature_63,0,0.0,572.7723586424601,70.97189080132733,0.1239094200871343,277.0992186026343,873.0970717076932,154037,0.006933399118393632,573.0481231462426,566.5321027644133,-0.09147474121513838,0.09147474121513838,False,False
feature_10,0,0.0,673.9101020740936,76.86604402233257,0.11405978896259589,275.99151137796764,996.6484377322996,154037,0.006900939384693288,674.2020202994831,667.3043047473589,-0.09035337904963146,0.09035337904963146,False,False
feature_96,0,0.0,0.3167345499679475,0.03875462946234003,0.1223568109833988,0.1586663632239306,0.4826458916987551,154037,0.006719164875971358,0.3168837916810856,0.31335736956624327,-0.09010667682308174,0.09010667682308174,False,False
feature_199,0,0.0,18.034779488854486,0.43074751671813505,0.023884268559221225,16.211823069266,19.99538860763889,154037,0.006823036023812461,18.033152396854028,18.071598841166775,0.0895551577057272,0.0895551577057272,False,False
feature_338,0,0.0,1794.2645629973936,254.84525214636488,0.14203326387979,624.2040584266874,2897.145071972482,154037,0.006881463544473081,1795.2192838315495,1772.6602512911484,-0.08874558738928626,0.08874558738928626,False,False
feature_86,0,0.0,9.021467554980507,1.0142909371017839,0.11243081360325033,4.687844124891646,13.374445955490112,154037,0.00706972999993508,9.01765120602784,9.107827451406274,0.08860056770385767,0.08860056770385767,False,False
feature_131,0,0.0,0.5862132515856009,0.0709945327861795,0.12110700772142581,0.262836484335682,0.9416554425749482,154037,0.006868479650992943,0.5859471763864247,0.592234248860041,0.08835934466968014,0.08835934466968014,False,False
feature_416,0,0.0,3.03639713529548,0.2731349860877365,0.08995364371569828,1.8725701977305849,4.275665307265925,154037,0.007173601147776184,3.035384410183835,3.059314021784159,0.08728546629683656,0.08728546629683656,False,False
feature_378,0,0.0,506.8219093995719,74.27285347101703,0.1465462563743693,185.6834945850288,846.7236616471349,154037,0.007517674324999838,507.09438910007646,500.6559851076502,-0.08663948523905829,0.08663948523905829,False,False
feature_499,0,0.0,41.42988201386796,5.843614870611607,0.1410483107013328,14.628826356047014,67.86067076050186,154037,0.007316423976057701,41.40857971120525,41.91193034707833,0.08648649946859568,0.08648649946859568,False,False
feature_124,0,0.0,67.12874679317099,1.404980699420586,0.02092964291065113,60.6134318163112,73.4400989896519,154037,0.006738640716191564,67.13388682870321,67.01243328471227,-0.08611346432336493,0.08611346432336493,False,False
feature_344,0,0.0,0.5050973555426819,0.024127826030518787,0.04776866432926698,0.3936738944958705,0.6169105453032432,154037,0.006823036023812461,0.505185542627963,0.5031017760908482,-0.08574919497593271,0.08574919497593271,False,False
feature_279,0,0.0,485.15779588362244,15.156036730855199,0.031239396459148652,410.8349383125617,551.8240658952802,154037,0.006959366905353909,485.102742540175,486.40359418377386,0.08570279086650233,0.08570279086650233,False,False
feature_322,0,0.0,4475.231955574839,603.3516712777905,0.13482020088951804,1764.8627255136423,7621.686845194987,154037,0.006693197089011082,4477.4238332968625,4425.632106242538,-0.08562269152994616,0.08562269152994616,False,True
feature_187,0,0.0,719.9439517325815,56.84814649554717,0.07896190579660992,467.3437227131922,979.1410917053566,154037,0.006907431331433357,720.1510924188858,715.2565794726878,-0.08558508629116561,0.08558508629116561,False,False
feature_90,0,0.0,219.3119527710194,12.044268626450542,0.05491843228000344,160.1115380125914,272.4383999930583,154037,0.006998318585794322,219.3555243883337,218.32597365720267,-0.0853940096065207,0.0853940096065207,False,False
feature_469,0,0.0,1672.4803673008762,181.22681625610338,0.1083581127762805,804.3721694237124,2493.6490280967605,154037,0.007115173627115563,1673.1265467818016,1657.8580165312605,-0.08415794494462962,0.08415794494462962,False,False
feature_139,0,0.0,438.11404341907917,41.32104937496681,0.09431573809525447,245.2515720408365,625.2750656825615,154037,0.0062712205509066,438.26049859134326,434.79991945803215,-0.08410041531144485,0.08410041531144485,False,False
feature_215,0,0.0,1.9676075080990527,0.1792183178722631,0.09108438402199924,1.0626850185529024,2.789426961542796,154037,0.007050254159714874,1.9669717726124933,1.981993522442706,0.08377777665050667,0.08377777665050667,False,False
feature_106,0,0.0,-201.80974325681382,13.091017511357267,0.06486811439375471,-261.17758005690195,-139.24532154115724,154037,0.006810052130332323,-201.85630128480986,-200.75618486228765,0.0837555576003405,0.0837555576003405,False,False
feature_226,0,0.0,45.022143230409,5.369440739253018,0.11926221974315902,19.9209748798208,70.42878173964345,154037,0.007043762212974805,45.00326469191226,45.44934437198934,0.08369644767451488,0.08369644767451488,False,False
feature_5,0,0.0,3.093601351558758,0.4115108040127337,0.13301998455792882,0.8433094711733929,4.817582618282842,154037,0.007666989100021423,3.092161689319619,3.126179368768963,0.08354186993024078,0.08354186993024078,False,False
feature_143,0,0.0,3923.2144679712387,421.3358270272381,0.10739556311972873,1916.3934659130423,5746.151499649155,154037,0.006615293728130254,3924.7013432978556,3889.56806907081,-0.08337978180476012,0.08337978180476012,False,False
feature_84,0,0.0,425.835349363362,51.659278289402046,0.12131279934048309,184.57266171230503,668.697782946985,154037,0.006823036023812461,426.0174924866118,421.7136452284404,-0.08294840435702763,0.08294840435702763,False,False
feature_375,0,0.0,49.85688929725766,1.6409437278045313,0.03291307883291448,41.898171101223525,57.52939802033055,154037,0.007186585041256322,49.85111818898292,49.987483307147585,0.08291432891606453,0.08291432891606453,False,False
feature_354,0,0.0,-0.39598381524191345,0.017130801787862453,0.04326136859254449,-0.4770063505827184,-0.3229165191778639,154037,0.006693197089011082,-0.3959239372528014,-0.39733879011502815,-0.08254221607865209,0.08254221607865209,False,False
feature_406,0,0.0,7.521867494798179,0.2834086711564861,0.03767796645613342,6.274739455959052,8.989272857304814,154037,0.006972350798834046,7.520875556778196,7.544313991627661,0.08244418853521203,0.08244418853521203,False,False
feature_360,0,0.0,1130.9572039743725,99.15062995719293,0.08766965682588258,692.8694392619068,1575.0273876036947,154037,0.007180093094516253,1130.6115446645802,1138.7791045821277,0.08201366110724995,0.08201366110724995,False,False
feature_87,0,0.0,1604.8410634854063,38.948460514633425,0.024269356885749705,1433.387204378268,1804.1297403700728,154037,0.006738640716191564,1604.9770107049517,1601.7647232594643,-0.0819287255369626,0.0819287255369626,False,False
feature_458,0,0.0,9.541594613233453,1.3271440943728348,0.1390903877358391,3.1552041860034103,15.37239730074537,154037,0.007407311230418666,9.537000711244753,9.645549703518627,0.08183771254568896,0.08183771254568896,False,False
feature_52,0,0.0,-0.4385495485194157,0.024224997878624203,0.05523890734903288,-0.5342733340395004,-0.330735985854185,154037,0.006881463544473081,-0.4386339101938584,-0.43664053402479464,0.08176122525245372,0.08176122525245372,False,False
feature_101,0,0.0,1.5082269822082306,0.20969112415549063,0.1390315427512621,0.5624156973681071,2.426589228921556,154037,0.00695287495861384,1.50750788137634,1.5244994651839696,0.0803972688109534,0.0803972688109534,False,False
feature_319,0,0.0,3422.714804349114,463.1160973845828,0.13530665680825021,1136.255369462987,5410.172192867264,154037,0.007037270266234736,3424.2839006349946,3387.2078330497447,-0.07978628381614661,0.07978628381614661,False,False
feature_228,0,0.0,-0.36940870565065204,0.025791018168375746,0.06981702860236917,-0.4794601558240878,-0.2539499657742525,154037,0.0072190447749566665,-0.3693219921017152,-0.37137094055049447,-0.07955079648684307,0.07955079648684307,False,False
feature_470,0,0.0,1.8995391906826156,0.14001488408038817,0.07370992120992916,1.2879788492080986,2.4923247144916085,154037,0.0069918266390542536,1.9000088592587328,1.8889110929664472,-0.0790431280322874,0.0790431280322874,False,False
feature_104,0,0.0,0.1990369309857452,0.008004067639615765,0.040213982400025085,0.1610204115414321,0.2356982207192562,154037,0.007374851496718321,0.19906352727549445,0.19843508538500423,-0.07843950341875573,0.07843950341875573,False,False
feature_488,0,0.0,0.20624849693661398,0.023003852136316064,0.11153464135734187,0.1063729919255675,0.3063795011104098,154037,0.0065698501009497715,0.20617279278362316,0.20796160097724906,0.07776180940066198,0.07776180940066198,False,False
feature_201,0,0.0,1.9152079812127187,0.26098376874851154,0.13626915265007167,0.759674404095248,3.114546038861482,154037,0.006537390367249427,1.9143513913808752,1.934591693256576,0.07774464137663514,0.07774464137663514,False,False
feature_357,0,0.0,0.20752065238291822,0.018108926616815357,0.0872632502301538,0.1226107951106454,0.3092836261160854,154037,0.006680213195530944,0.20746111632599418,0.20886788969620584,0.0776458029148121,0.0776458029148121,False,False
feature_371,0,0.0,0.5523175401707217,0.07164155290567463,0.12971080527974937,0.2410419347252211,0.8649745395627292,154037,0.006634769568350461,0.5525532508728123,0.5469836590001436,-0.0774400701131524,0.0774400701131524,False,False
feature_165,0,0.0,4.362084493078828,0.6063852784295911,0.1390127310444633,1.705531818083165,6.994046388711365,154037,0.006732148769451495,4.364051038880041,4.317583664193488,-0.07693926590875051,0.07693926590875051,False,False
feature_110,0,0.0,4203.263696596365,418.47504215078703,0.09955954999674453,2277.6576324484936,6052.004991681204,154037,0.0067581165564117715,4201.903253658704,4234.049065714013,0.07683522817102988,0.07683522817102988,False,False
feature_74,0,0.0,512.7408939823255,40.76665143592019,0.07950731434603583,338.94426928416254,697.427564780157,154037,0.007082713893415219,512.8727217776485,509.7577719221253,-0.07621409259349113,0.07621409259349113,False,False
feature_38,0,0.0,4.157659998177497,0.4388445419664597,0.10555084883295567,2.1928303357830994,6.015712930745419,154037,0.006472470899848737,4.156244876739016,4.189682683307419,0.07620552211501234,0.07620552211501234,False,False
feature_453,0,0.0,7.380144184648112,1.0494367526002502,0.1421973238386382,2.458628895533125,11.98627035040768,154037,0.006926907171653564,7.383522677451772,7.303692504726278,-0.07596181274901853,0.07596181274901853,False,False
feature_302,0,0.0,12.761540447884812,0.980170292447672,0.07680658118433753,7.791860634401,17.052676735985536,154037,0.007329407869537838,12.764698910182197,12.690067823067293,-0.07593523903630946,0.07593523903630946,False,False
feature_268,0,0.0,545.1402938328633,30.247719919333452,0.05548612029146247,415.22479820318864,687.9604598489263,154037,0.0070762219466751495,545.0446987895787,547.3035074538578,0.07457278109860649,0.07457278109860649,False,False
feature_292,0,0.0,13.832861740579043,1.6901200405196697,0.12218151762203049,6.809437022776808,21.91247690149144,154037,0.006881463544473081,13.827516178310951,13.953826099324935,0.07442687655943249,0.07442687655943249,False,False
feature_353,0,0.0,73.69098334119676,7.550660336116824,0.10246382927415282,41.86461322249528,107.9611030168336,154037,0.007426787070638872,73.71466790113547,73.1550270728982,-0.07407121489216383,0.07407121489216383,False,False
feature_273,0,0.0,0.15016755351173464,0.01707041697989685,0.11367580133455997,0.0736277988920695,0.2314302220090492,154037,0.006836019917292598,0.15011497327492326,0.15135738805291338,0.07278752181554256,0.07278752181554256,False,False
feature_144,0,0.0,-18.179609286983013,0.8055229069767487,0.04430914296675893,-21.85939957044819,-14.704079073294784,154037,0.006978842745574115,-18.182091743718903,-18.123433945248834,0.07267440843485087,0.07267440843485087,False,False
feature_194,0,0.0,-0.34152005748501113,0.03947372165696098,0.11558244030423728,-0.5133288097410695,-0.1699381960579948,154037,0.0067581165564117715,-0.3413981090424761,-0.34427962035445153,-0.07258845406890628,0.07258845406890628,False,False
feature_157,0,0.0,0.2418698928056345,0.026792872453749353,0.11077390469296639,0.1199044301690213,0.358278365799958,154037,0.006913923278173426,0.24195233611532088,0.240004288854366,-0.07251776697033165,0.07251776697033165,False,False
feature_374,0,0.0,33.814217523634724,4.430204502224665,0.1310160289566996,13.087504874749934,53.46310016605913,154037,0.007180093094516253,33.827787972430976,33.50713277666048,-0.07219993334434543,0.07219993334434543,False,False
feature_274,0,0.0,863.3682823901638,28.735739944474783,0.03328329350358141,735.7388820172733,987.1475120657371,154037,0.007147633360815908,863.4562690197419,861.3772390365671,-0.07204813748263461,0.07204813748263461,False,False
feature_135,0,0.0,0.6765496573738449,0.06508323939796311,0.09619876189221051,0.3961415996000333,0.9575162189036468,154037,0.007017794426014529,0.6763522322670982,0.6810171764560763,0.07193025860629834,0.07193025860629834,False,False
feature_301,0,0.0,0.24884781063670044,0.030648123688740748,0.12316010982907445,0.1112564886344085,0.4131705363428326,154037,0.00669968903575115,0.24894064542095384,0.24674705872636382,-0.07177897761391874,0.07177897761391874,False,False
feature_120,0,0.0,2636.7088871881997,396.0455671071751,0.1502045102633686,832.2998256090474,4736.816371608449,154037,0.006790576290112116,2635.5207103338876,2663.596059023517,0.07084586942761155,0.07084586942761155,False,False
feature_234,0,0.0,0.3153609690926073,0.031415369195589696,0.09961717610768889,0.1709230760288538,0.453737731737867,154037,0.007121665573855632,0.3152669440916888,0.3174886543335169,0.07066548717339113,0.07066548717339113,False,False
feature_50,0,0.0,-0.2143756237454991,0.021481739134822358,0.10020607175153876,-0.3112003875141784,-0.1092537890141805,154037,0.007024286372754598,-0.21443957247074963,-0.2129285324659317,0.07052234242453571,0.07052234242453571,False,False
feature_423,0,0.0,3.880288159612961,0.40221939157994635,0.10365709324538044,2.209130668856476,5.719583161121485,154037,0.00664126151509053,3.8790994079191066,3.9071883394525293,0.06962001334954347,0.06962001334954347,False,False
feature_278,0,0.0,-87.74272412488918,4.964074425315588,0.056575339719905894,-109.58885649591817,-65.63337082431892,154037,0.007420295123898804,-87.75722694312935,-87.41454085427195,0.06906538887274773,0.06906538887274773,False,False
feature_481,0,0.0,-0.277658028667353,0.03478443157892819,0.1252779606117622,-0.4341625683531105,-0.1288729146990866,154037,0.007329407869537838,-0.27775873003388535,-0.2753792644108546,0.06859633663628172,0.06859633663628172,False,False
feature_438,0,0.0,0.17740029320470616,0.012133482952397249,0.0683960704529172,0.1216721755360252,0.2311725412015836,154037,0.007017794426014529,0.17736537031019672,0.178190560968511,0.0681984186831361,0.0681984186831361,False,False
feature_93,0,0.0,-118.08726953569331,10.960886426642883,0.09282022075486995,-173.15400484250748,-71.47475952513285,154037,0.007063238053195011,-118.05622753753856,-118.78971676437693,-0.06675802730563471,0.06675802730563471,False,False
feature_339,0,0.0,89.28102749664102,7.207412830025915,0.080727261234724,57.21772392170284,120.424578754917,154037,0.006881463544473081,89.30131379204857,88.82197032131778,-0.06605095605624242,0.06605095605624242,False,False
feature_151,0,0.0,1013.0435612501792,102.26217663128855,0.10094548797594509,566.6096238664994,1479.604658106551,154037,0.007335899816277907,1012.7588366526253,1019.4865744702977,0.06531342539110195,0.06531342539110195,False,False
feature_2,0,0.0,55.8354520082759,5.514733826321674,0.09876760423653923,31.514227333067307,82.95711887420399,154037,0.006660737355310737,55.85061318346921,55.49237082371278,-0.06523019383228247,0.06523019383228247,False,False
feature_98,0,0.0,311.82790105574867,24.862255542654204,0.07973069586935173,200.9037704812488,418.1088405136538,154037,0.006615293728130254,311.7589943083556,313.3871870753715,0.06516256932200046,0.06516256932200046,False,False
feature_398,0,0.0,65.97904132456951,4.360745340928099,0.06609288727728496,44.47280057801572,84.41602329856016,154037,0.006660737355310737,65.99077958053664,65.71341714236986,-0.06388770528494132,0.06388770528494132,False,False
feature_247,0,0.0,2027.5920881002467,240.28947552708942,0.11850977173235508,875.3442139325249,3037.617373263881,154037,0.007316423976057701,2028.2360992441309,2013.0188044795152,-0.06345446015195084,0.06345446015195084,False,False
feature_122,0,0.0,1.0189934966202303,0.10804995733862956,0.10603596362195312,0.5358169383198682,1.4635931880327042,154037,0.0066217856748703235,1.0187033473445868,1.0255592645055494,0.06329508362824086,0.06329508362824086,False,False
feature_142,0,0.0,-23.547140515324546,3.059981266901358,0.1299512891983599,-37.00537106582036,-9.676465537426502,154037,0.006933399118393632,-23.555356182234114,-23.361228757207368,0.0630797827584604,0.0630797827584604,False,False
feature_172,0,0.0,-80.88803244497336,8.154769175299753,0.10081552151546389,-116.72020690039936,-43.26110888302243,154037,0.006667229302050806,-80.86638919358928,-81.3777960832118,-0.06287185944090772,0.06287185944090772,False,False
feature_177,0,0.0,2.5647791955350656,0.3272319570118608,0.1275867948326809,1.1055195463519552,4.117804576004489,154037,0.006855495757512806,2.5656474968030913,2.545130466212059,-0.06277716957390199,0.06277716957390199,False,False
feature_179,0,0.0,0.14432513072092512,0.019234464943858755,0.13327176526901305,0.0628286225125047,0.2381558392508403,154037,0.007004810532534391,0.14427406177842883,0.14548076628760298,0.06256706671737128,0.06256706671737128,False,False
feature_407,0,0.0,1.0517908131904903,0.14081433709917707,0.13388055432052354,0.404822759172994,1.681999735581652,154037,0.006959366905353909,1.0521572970252193,1.043497675848636,-0.061780064406662484,0.061780064406662484,False,False
feature_314,0,0.0,6.372774798937608,0.20179706002330478,0.031665493664854744,5.525378880348275,7.199207629566652,154037,0.007368359549978252,6.372245489512205,6.3847525053061736,0.06172573685506337,0.06172573685506337,False,False
feature_313,0,0.0,0.7217355675437779,0.03334041707865099,0.04619478182586406,0.5618318464798476,0.8762642901374256,154037,0.006836019917292598,0.7218214623673986,0.7197918595224737,-0.06074860618136511,0.06074860618136511,False,False
feature_451,0,0.0,-17.775970947067652,0.6015447203136846,0.03384032985342588,-20.5188836591607,-15.20859331688886,154037,0.0068035601835922535,-17.774429896710494,-17.81084326898619,-0.060608826143892854,0.060608826143892854,False,False
feature_281,0,0.0,101.74344543855928,5.469388783143739,0.05375666962690572,76.18766488912337,125.33336092924512,154037,0.007199568934736459,101.75739771501293,101.42772033994119,-0.06034480387057555,0.06034480387057555,False,False
feature_94,0,0.0,-67.7513346478952,9.661855723704686,0.14260760727323687,-108.4067256853378,-27.48694801462969,154037,0.006810052130332323,-67.72673198821313,-68.30806653177049,-0.060323596414918086,0.060323596414918086,False,False
feature_107,0,0.0,3.0056244125183333,0.21635588464791858,0.07198367292560007,2.076451769243928,3.985017349819921,154037,0.006706180982491219,3.0061720285129345,2.993232448061881,-0.06012223260504564,0.06012223260504564,False,False
feature_175,0,0.0,2.609463263784709,0.11227274618562874,0.04302522581704821,2.1422227050881446,3.1029475810878058,154037,0.006900939384693288,2.609180717464232,2.6158569849235467,0.0599529584265817,0.0599529584265817,False,False
feature_55,0,0.0,7.277327482699907,0.764373305181447,0.10503489186085968,4.000215875001631,10.875343683221946,154037,0.006615293728130254,7.275394995126021,7.321057610315247,0.05977573922428556,0.05977573922428556,False,False
feature_452,0,0.0,0.10156417409578188,0.014718389149359188,0.14491713520437585,0.0376352413600157,0.173925992813857,154037,0.007348883709758045,0.10160150304681442,0.1007194598453723,-0.05976099018058893,0.05976099018058893,False,False
feature_23,0,0.0,25.72036895523977,2.5512324777173863,0.09919113066213024,15.820626623066216,37.04321482523202,154037,0.00713464946733577,25.713995858618244,25.864585317782268,0.058952062879041596,0.058952062879041596,False,False
feature_352,0,0.0,4.292309522678676,0.18912066935552235,0.04406035220812756,3.453665693350293,5.172577391453056,154037,0.006965858852093977,4.2918413692969155,4.302903333166563,0.05870396478517953,0.05870396478517953,False,False
feature_128,0,0.0,66.67985110174872,8.698129690052578,0.13044614746934347,27.68083642712032,103.40115699951193,154037,0.007037270266234736,66.6588211823562,67.15573569278152,0.05719405958993595,0.05719405958993595,False,False
feature_14,0,0.0,-0.8403036865379743,0.039713378715679384,0.047260745551762726,-1.0365573954242278,-0.6694850024219366,154037,0.007108681680375494,-0.84039975899273,-0.838129669605828,0.05702815120027875,0.05702815120027875,False,False
feature_134,0,0.0,0.3089332120760896,0.015124587881015127,0.04895746811867535,0.2447152495742959,0.3824974637363881,154037,0.00706972999993508,0.3089695684730268,0.3081105056850206,-0.05690844037173608,0.05690844037173608,False,False
feature_112,0,0.0,10.23799123946841,0.5694786803858155,0.055624064043972035,7.621079442341711,12.671493110413197,154037,0.006771100449891909,10.236620561766948,10.269008210348066,0.05676118120034648,0.05676118120034648,False,False
feature_484,0,0.0,6.382745150636609,0.2116439014360706,0.033158757938966346,5.477377563103132,7.368229551168696,154037,0.006842511864032667,6.3832505988671775,6.371307397595197,-0.0566171248829993,0.0566171248829993,False,False
feature_437,0,0.0,854.400620650277,112.3164065581903,0.13145637285786058,368.2814507880529,1368.8894030789218,154037,0.0067581165564117715,854.132274610428,860.4730046212012,0.05636436883799175,0.05636436883799175,False,False
feature_103,0,0.0,5.402871960786486,0.4120436569973352,0.07626382042511974,3.622270683293828,7.27134192899441,154037,0.006959366905353909,5.401894494667068,5.4249909739793525,0.05603178964398047,0.05603178964398047,False,False
feature_12,0,0.0,2933.669774394396,164.7879901322945,0.056171281297777306,2191.8332590963664,3637.6016338267023,154037,0.007173601147776184,2934.0589946775244,2924.8621355346654,-0.05583834025210418,0.05583834025210418,False,False
feature_388,0,0.0,0.8463524887044518,0.021893974879438945,0.025868624682551588,0.755111620512307,0.9425815396011434,154037,0.0065698501009497715,0.8464039170795021,0.8451887195633748,-0.05546475032565991,0.05546475032565991,False,False
feature_66,0,0.0,5.09875285042605,0.28300326451782826,0.05550440918001755,3.883575814334825,6.283709743317746,154037,0.006784084343372047,5.098088497693902,5.113786442440329,0.05542627618009447,0.05542627618009447,False,False
feature_162,0,0.0,-0.9931766833208395,0.09574042762179118,0.09639818295136399,-1.4073320231757238,-0.5447176682778345,154037,0.0075046904315197,-0.9933987761122167,-0.9881509609096771,0.054851631567598695,0.054851631567598695,False,False
feature_420,0,0.0,1.0801859701804157,0.06794101282674134,0.06289751459685561,0.7977684243282924,1.395063493352101,154037,0.006686705142271013,1.080028880477316,1.083740742204013,0.05430310502061369,0.05430310502061369,False,False
feature_167,0,0.0,124.22336395474173,9.036134346030446,0.07274102116025918,78.24569904264943,163.93448155408635,154037,0.006926907171653564,124.20250499348002,124.69537994606009,0.05392614215664719,0.05392614215664719,False,False
feature_145,0,0.0,362.1345809170245,42.47627788025631,0.11729417768580586,168.43994561943896,564.7507175332106,154037,0.006647753461830599,362.03782670243385,364.32402534530746,0.05382694014677986,0.05382694014677986,False,False
feature_376,0,0.0,-2400.2349653698834,243.2886941390642,0.10136036581800761,-3477.2322096893868,-1244.7453525448516,154037,0.0069853346923141844,-2399.6837701518507,-2412.707923825733,-0.05371542291881721,0.05371542291881721,False,False
feature_219,0,0.0,346.9732981419156,34.33186559395317,0.09894670793921174,197.0261669035984,485.7998848347399,154037,0.00669968903575115,346.89664807769543,348.7078071423215,0.05266943639345986,0.05266943639345986,False,False
feature_150,0,0.0,5.756912281443061,0.6764595005497145,0.11750387490360532,2.7931850186669567,8.665982561488235,154037,0.0068035601835922535,5.755410328101975,5.790899879689765,0.05266125880086663,0.05266125880086663,False,False
feature_304,0,0.0,4120.517392386015,489.6294450370187,0.11882717591285188,1952.885418926688,6242.297878779515,154037,0.0070307783194946665,4119.439071902023,4144.918632017491,0.052085129359728234,0.052085129359728234,False,False
feature_267,0,0.0,0.10908092728835678,0.007315840335140689,0.06706800645177112,0.0766843358829202,0.1451961846956102,154037,0.007160617254296045,0.10906490474203422,0.10944350038061161,0.05140390078382875,0.05140390078382875,False,False
feature_305,0,0.0,-0.6203465357817859,0.0715786983603031,0.11538502148657398,-0.943971067929266,-0.2856421820178279,154037,0.007524166271739906,-0.6201930909478965,-0.6238188283121868,-0.051027673513696976,0.051027673513696976,False,False
feature_307,0,0.0,363.6985096292512,35.21380540920241,0.09682141795164032,196.49743753511777,538.8613901135086,154037,0.006913923278173426,363.62246061403107,365.41941753341393,0.050906821498122416,0.050906821498122416,False,False
feature_180,0,0.0,-2762.4246476106628,187.35722475198972,0.06782346983257728,-3685.6675597180665,-1982.578951580228,154037,0.00695287495861384,-2762.0245216653325,-2771.4790699458786,-0.05076781329495698,0.05076781329495698,False,False
feature_463,0,0.0,8.785975555794549,1.1408980748738102,0.12985445584598312,3.218276078151007,14.079984541015262,154037,0.0070762219466751495,8.788342675447442,8.732410168932255,-0.04913589930216596,0.04913589930216596,False,False
feature_25,0,0.0,693.7255544351104,68.80764458577023,0.09918568538504999,367.9180411851499,1032.362057640864,154037,0.007225536721696735,693.5829952813016,696.9515156640687,0.04888261514333801,0.04888261514333801,False,False
feature_59,0,0.0,375.64572433841244,50.7073475143453,0.1349871547284376,167.23456773901697,596.9534193216998,154037,0.0069853346923141844,375.54108397311535,378.0136239254495,0.04886941627326593,0.04886941627326593,False,False
feature_45,0,0.0,0.15711338890014073,0.003465553247468403,0.022057657031833645,0.1388810797745407,0.1725630380037157,154037,0.00713464946733577,0.15712031075446836,0.15695675473743093,-0.047417854321786176,0.047417854321786176,False,False
feature_19,0,0.0,0.20504347403742965,0.004990726988404325,0.024339847985082878,0.1849787791767439,0.2257177111715607,154037,0.006576342047689841,0.20505336147624653,0.20481973186847982,-0.047061926804737565,0.047061926804737565,False,False
feature_53,0,0.0,-236.8912244393128,23.82289291674093,0.10056469155042051,-339.88684394882307,-127.75122296106473,154037,0.006660737355310737,-236.84503674447043,-237.93640259052478,-0.04574590908423557,0.04574590908423557,False,False
feature_413,0,0.0,0.90925871476223,0.0454465349661815,0.049981962480354906,0.7123911908944833,1.1295923589462902,154037,0.0067126729292312885,0.9093468437025969,0.9072644510676409,-0.045682561857984104,0.045682561857984104,False,False
feature_92,0,0.0,814.5846002974847,49.49027554811502,0.06075523098526693,608.004377449165,1017.4704448177448,154037,0.006874971597733012,814.4894885826252,816.7368767129838,0.045265780475343076,0.045265780475343076,False,False
feature_155,0,0.0,31.543957460399753,3.442655695229848,0.10913835714975693,17.935290953816246,47.06041209879089,154037,0.006836019917292598,31.550349306687465,31.39931681295827,-0.04399309720010941,0.04399309720010941,False,False
feature_384,0,0.0,0.2583993363711473,0.005213789031711001,0.02017725395479448,0.2320295173667592,0.2856693490163818,154037,0.006881463544473081,0.25838959404057854,0.258619794895591,0.04395019190883248,0.04395019190883248,False,False
feature_70,0,0.0,1466.9189059507685,140.52354719064485,0.09579503449072119,795.8751904456877,2159.96092278,154037,0.006751624609671702,1467.176801542646,1461.0830044440033,-0.04357371412759066,0.04357371412759066,False,False
feature_232,0,0.0,0.11898871403876479,0.004421463508559948,0.03715867966368222,0.098977150546555,0.137516975869202,154037,0.007602069632620734,0.11898088666102523,0.11916583922811684,0.04182949984390843,0.04182949984390843,False,False
feature_42,0,0.0,0.3269339128708182,0.0257264460581355,0.07869005032922609,0.1992099738371773,0.4409110153827437,154037,0.007199568934736459,0.32688839600334646,0.3279639109158702,0.04169686108897044,0.04169686108897044,False,False
feature_477,0,0.0,2742.723873209585,120.6533415440819,0.04399033483559947,2229.235195060934,3268.4333278488534,154037,0.0074462629108590795,2742.515800589637,2747.432334131417,0.040737123643021615,0.040737123643021615,False,False
feature_490,0,0.0,868.5953192620467,68.11421000408872,0.07841880849871277,531.3580387802557,1181.1566043878922,154037,0.007180093094516253,868.709791694868,866.0049304992087,-0.03950709640475878,0.03950709640475878,False,False
feature_217,0,0.0,737.8528248105639,21.6644939935673,0.029361538324569586,640.7378768862447,833.6950217558312,154037,0.007569609898920389,737.8886515899505,737.0421030984046,-0.038766083835001415,0.038766083835001415,False,False
feature_72,0,0.0,-0.6512006528010895,0.06201369742572088,0.09522978387532895,-0.9250899283916916,-0.3755356150000292,154037,0.00664126151509053,-0.6512996274088695,-0.6489609632489367,0.03781977659102341,0.03781977659102341,False,False
feature_108,0,0.0,875.2614602915872,50.091200374700925,0.057229985149824136,640.3141824964655,1088.0702721763662,154037,0.007056746106454943,875.1825782137382,877.0464773739778,0.037409177637918664,0.037409177637918664,False,False
feature_289,0,0.0,40.72709635868951,2.888057385659292,0.0709124303933614,28.54001100331048,53.32050393173144,154037,0.006855495757512806,40.73151387452231,40.62713269852352,-0.036223344841522606,0.036223344841522606,False,False
feature_450,0,0.0,391.75911101416534,12.004108390688467,0.030641555111795265,334.7352264426357,447.51484251148673,154037,0.00669968903575115,391.77735738583203,391.3462151320463,-0.03582213617327187,0.03582213617327187,False,False
feature_287,0,0.0,40.969524994077275,3.192482814818129,0.07792335437815419,26.084393018673488,56.38763436316299,154037,0.007524166271739906,40.97439604645319,40.859298286853964,-0.03579517486139321,0.03579517486139321,False,False
feature_15,0,0.0,6.082147431665502,0.6435287799343411,0.10580617901235595,3.384065115450439,9.389093873158664,154037,0.006498438686809014,6.081165551527946,6.10436632936943,0.03576065598897891,0.03576065598897891,False,False
feature_192,0,0.0,-0.22474897293395174,0.012393459379548357,0.05514356402950279,-0.2789166629217661,-0.1601664294359699,154037,0.006615293728130254,-0.22476767393111902,-0.22432578936283337,0.035604944008370144,0.035604944008370144,False,False
feature_49,0,0.0,-0.12389169494408586,0.007603821762870091,0.061374749665841666,-0.1569872165066006,-0.0887182428853196,154037,0.007089205840155288,-0.12390220012494474,-0.12365397393320332,0.032726852633254304,0.032726852633254304,False,False
feature_117,0,0.0,58.970384035700896,4.929337836466717,0.08359005824826368,37.88414415821247,80.27581722332967,154037,0.0069918266390542536,58.96375262234856,59.12044582967414,0.03196780467490684,0.03196780467490684,False,False
feature_213,0,0.0,1.7381181437107516,0.09892333461759853,0.056914045213523085,1.3140404694440546,2.1955137064233035,154037,0.0065698501009497715,1.7379914967983243,1.740984027930335,0.030238235320081023,0.030238235320081023,False,False
